FEATURE_CODE,FEATURE_TYPE,DESCRIPTION
AA,FEATURE GROUP A OFFICE AND/OR LINESIDE BSA OFFICE,PROVIDES LINE SIDE ACCESS.
AB,FGA CALL SCREENING,A WIRE CENTER THAT PROVIDES CALL SCREENING ON FGA LINES.
BA,FEATURE GROUP B OFFICE AND/OR TRUNKSIDE BSA - 950 PACKAGE OFFICE,PROVIDES ACCESS WITH 950-1/0XXXX DIALING.
BC,FEATURE GROUP B WITH AUTOMATIC NUMBER IDENTIFICATION (ANI),PROVIDES TRUNK SIDE ACCESS WITH 10 DIGIT AUTOMATIC NUMBER IDENTIFICATION.
CA,FEATURE GROUP C OFFICE AND/OR TRUNKSIDE BSA - MTS/WATS PACKAGE OFFICE,PROVIDES ACCESS IN NON-EQUAL OFFICES.
CC,FGC WITH SS7 PROTOCOL,A WIRE CENTER THAT PROVIDES SIGNALING SYSTEM 7 PROTOCOL FOR FEATURE GROUP C SERVICE
D1,CENTRALIZED EQUAL ACCESS TANDEM OFFICE,PROVIDES EQUAL ACCESS PROCESSING FUNCTIONS FOR SUBTENDING END OFFICES.
DA,FEATURE GROUP D OFFICE AND/OR TRUNKSIDE BSA - 101XXXX PACKAGE OFFICE,PROVIDES EQUAL ACCESS WITH '1 +'/'101XXXX' DIALING
DC,FEATURE GROUP D WITHOUT 101XXXX DIALING,PROVIDES TRUNK SIDE ACCESS WITHOUT 101XXXX DIALING AT EQUAL ACCESS END OFFICE SWITCHES.
DD,CENTRALIZED EQUAL ACCESS END OFFICE,PROVIDES EQUAL ACCESS SERVICES IN CONJUNCTION WITH A CENTRALIZED EQUAL ACCESS TANDEM. THIS CODE MUST BE USED IN COMBINATION WITH ONE OF THE FEATURE GROUP D OFFICE TYPE CODES (DA OR DC).
EA,CENTREX INTERNET PROTOCOL (IP),A WIRE CENTER EQUIPPED TO PROVIDE CENTREX INTERNET PROTOCOL (IP) FEATURES AND FUNCTIONS
G1,DIRECTORY ASSISTANCE LOCATION,PRIMARY LOCATION TO WHICH TERMINATING CALLS FOR THE NPA 555 BUREAU FIRST COMPLETE.
G2,OUTWARD OPERATOR SERVICES LOCATION,A LOCATION WHICH CAN SWITCH TELEPHONE COMPANY OPERATOR CALLS TO AN INTEREXCHANGE CARRIER FOR INTERLATA SERVICE.
G3,INWARD OPERATOR SERVICES LOCATION,A LOCATION WHICH CAN RECEIVE CALLS FROM AN INTEREXCHANGE CARRIER OPERATOR FOR THE PURPOSE OF PROVIDING OPERATOR ASSISTANCE ON INWARD CALLS. THIS SERVICE INCLUDES BUSY LINE VERIFICATION AND EMERGENCY INTERRUPT FUNCTIONS.
G4,1+ COIN CAPABLE EQUAL ACCESS END OFFICE - MOSS SIGNALING,PROVIDES ORIGINATING 1+ COIN EQUAL ACCESS UTILIZING MODIFIED OPERATOR SERVICES SIGNALING (MOSS) ON A DIRECT TRUNK BASIS.
G5,1+ COIN CAPABLE EQUAL ACCESS END OFFICE - DIRECT TRUNK EAOSS SIGNALING,PROVIDES ORIGINATING 1+ COIN ACCESS UTILIZING EXCHANGE ACCESS OPERATOR SERVICES SIGNALING (EAOSS) ON A DIRECT TRUNK BASIS.
G6,1+ COIN CAPABLE EQUAL ACCESS END OFFICE - TANDEM MOSS SIGNALING,PROVIDES ORIGINATING 1+ COIN EQUAL ACCESS UTILIZING MODIFIED OPERATOR SERVICES SIGNALING (MOSS) VIA AN ACCESS OR OPERATOR SERVICE TANDEM.
G7,1+ COIN CAPABLE EQUAL ACCESS END OFFICE - TANDEM EAOSS SIGNALING,PROVIDES ORIGINATING 1+ COIN EQUAL ACCESS UTILIZING EXCHANGE ACCESS OPERATOR SIGNALING (EAOSS) VIA AN ACCESS OR OPERATOR SERVICE TANDEM.
G8,DESIGNATED OPERATOR SERVICE (DOS) LOCATION,A LOCATION WHICH CAN RECEIVE CALLS FROM A CUSTOMER FOR THE PURPOSE OF PROVIDING OPERATOR ASSISTANCE. CALLS MAY BE RETURNED TO THE CARRIER FOR ROUTING AND TRANSPORT. THIS SERVICE MAY INCLUDE AUTOMATED CALL COMPLETION; CALL RECORDING AND CALL RATING FUNCTIONS.
G9,OPERATOR SERVICES AUTOMATIC CALL DISTRIBUTION (OS-ACD) SERVICE LOCATION,A LOCATION WHICH PROVIDES AUTOMATIC CALL DISTRIBUTION FUNCTIONALITY. THIS SERVICE UTILIZES CERTAIN FEATURES OF A TELEPHONE COMPANY SWITCH TO PROVIDE QUEUING; ROUTING AND MANAGEMENT OF A CUSTOMER'S DIRECTORY ASSISTANCE CALLS SENT BY THE CUSTOMER TO THE TELEPHONE COMPANY LOCATION.
GA,TOLL STATION LOCATION,TERMINAL LOCATIONS THAT ARE ASSIGNED V & H COORDINATES FOR MILEAGE MEASUREMENT PURPOSES. CALLS PLACED FROM THESE LOCATIONS MUST BE HANDLED BY AN OPERATOR.
GB,ACCESS TANDEM OFFICE,PROVIDES CONCENTRATION AND DISTRIBUTION FUNCTIONS FOR ORIGINATING OR TERMINATING TRAFFIC BETWEEN END OFFICES AND CUSTOMER PREMISES.
GC,WATS OR WATS TYPE OFFICE,PROVIDES THE SCREENING; BLOCKING; AND/OR RECORDING FOR OUTWARD WATS/'WATS TYPE' SERVICE.
GD,800 'SERIES' OR 800 'SERIES' TYPE OFFICE,PROVIDES THE SCREENING; BLOCKING; AND/OR RECORDING FOR INWARD WATS/'WATS TYPE' (800 'SERIES' TYPE) SERVICE
GE,PUBLIC SWITCHED 56KBPS DIGITAL DATA SERVICE (PSDS),PROVIDES THE END USER THE CAPABILITY OF ESTABLISHING A 56 KBPS DIGITAL CONNECTION TO MULTIPLE LOCATIONS (SWITCHED) THROUGH THE PUBLIC SWITCHED NETWORK.
GF,INTERNATIONAL BOUNDARY POINT,AN INTERNATIONAL INTERCONNECTION POINT.
GG,LIDB ACCESS SERVICE LOCATION,THE LOCATION OF THE SIGNAL TRANSFER POINT (STP) THAT SERVES A LINE INFORMATION DATA BASE (LIDB) LOCATION.
GH,ELECTRONIC WHITE PAGES (EWP) LOCATION,PROVIDES ELECTRONIC WHITE PAGES ACCESS SERVICE.
GI,500 ACCESS OFFICE,AN OFFICE WHICH PROVIDES THE CAPABILITY OF PERFORMING A CUSTOMER IDENTIFICATION FUNCTION FOR 1+500+NXX+XXXX AND 0+500+NXX+XXXX END USER DIALED CALLS
GJ,PUBLIC SWITCHED 64 KBPS CLEAR CHANNEL CAPABILITY,PROVIDES THE END-USER WITH THE CAPABILITY OF ESTABLISHING A 64 KBPS DIGITAL CONNECTION TO MULTIPLE LOCATIONS (SWITCHED) THROUGHOUT THE PUBLIC SWITCHED NETWORK. THIS CAPABILITY IS AVAILABLE FOR ISDN-EQUIPPED END OFFICES.
GK,0+900 ACCESS OFFICE,A WIRE CENTER THAT PROVIDES THE CAPABILITY OF PERFORMING A CUSTOMER IDENTIFICATION FUNCTION FOR END USER DIALED 0+900+NXX+XXX CALLS.
GL,INTERNATIONAL BLOCKING,A WIRE CENTER THAT PROVIDES BLOCKING OF INTERNATIONAL DIRECT DIALED CALLS THAT USE THE CALL SEQUENCE OF 011+ OR 101XXXX-011+.
GM,WIRE CENTER INCAPABLE OF MEASURING AND RECORDING,A WIRE CENTER FOR WHICH MESSAGE MEASURING AND RECORDING FUNCTIONS ARE NOT AVAILABLE
GN,900 BLOCKING,A WIRE CENTER THAT PROVIDES BLOCKING OF CALLS MADE TO 900 NUMBERS.
GP,PRE-PAID CALLING SERVICE ACCESS,PROVIDES FOR ROUTING OF INTERLATA; INTERSTATE; AND INTERNATIONAL CALLS MADE USING A PRE-PAID CALLING SERVICE CARD TO A CUSTOMER'S PREMISES.
GQ,CARRIER IDENTIFICATION PARAMETER (CIP),CIP IS A FIELD IN THE SS7 INITIAL ADDRESS MESSAGE (IAM) WHICH CONTAINS THE CARRIER IDENTIFICATION CODE (CIC) AND IS AVAILABLE IN END OFFICES EQUIPPED WITH FGD. CIP PROVIDES FOR THE TRANSMISSION OF THE CIC OR THE ACCESS CODE 101XXXX TO THE CUSTOMER WITH THE IAM.
GR,LOCAL NUMBER PORTABILITY CAPABILITY,A WIRE CENTER CAPABLE OF ALLOWING END USERS TO KEEP THEIR EXISTING TELEPHONE NUMBER WHEN CHANGING FROM ONE TELECOMMUNICATIONS SERVICE PROVIDER TO ANOTHER; PROVIDED THE END USER REMAINS AT THE SAME LOCATION. LNP CAPABLE WIRE CENTERS ALSO ALLOW END USERS TO COMPLETE CALLS TO NUMBERS THAT HAVE BEEN PORTED FROM ONE SERVICE PROVIDER TO ANOTHER.
HA,SIGNAL POINT (SP),PROVIDES SIGNALING LINK HARDWARE AND SOFTWARE THAT CAN PERFORM TRUNK SIGNALING (CALL SET UP) USING SIGNALING SYSTEM 7 (SS7) PROTOCOL.
HB,SERVICE SWITCHING POINT (SSP),PROVIDES SIGNALING LINK HARDWARE AND SOFTWARE THAT CAN PERFORM SIGNAL POINT FUNCTIONS. IN ADDITION; SSPS CAN IDENTIFY THE NEED FOR APPLICATION SOFTWARE IN PROCESSING A COMMON CHANNEL SIGNALING/SIGNALING SYSTEM 7 (CCS/SS7) CALL AND REQUEST AND RESPOND TO CALL PROCESSING INSTRUCTIONS.
HC,SIGNAL TRANSFER POINT (STP),A SPECIALIZED PACKET SWITCH THAT ROUTES AND TRANSLATES SIGNALING MESSAGES IN THE COMMON CHANNEL SIGNALING/SIGNALING SYSTEM 7 (CCS/SS7) NETWORK.
HD,800 'SERIES' QUERY CHARGE BILLING LOCATION,A WIRE CENTER WHICH BILLS QUERY CHARGES FOR ORIGINATING 800 'SERIES' CALLS.
HE,NON-SSP EQUIPPED ORIGINATING 800 'SERIES' LOCATION,A NON-SSP EQUIPPED WIRE CENTER WHICH CAN ACCOMMODATE DIRECT TRUNKING OF ORIGINATING 800 'SERIES' CALLS
HG,A WIRE CENTER INCAPABLE OF DISTINGUISHING BETWEEN TANDEMSWITCHED AND DIRECT ROUTED TRAFFIC,A WIRE CENTER THAT CANNOT GENERATE A ROUTING INDICATOR WHICH INDICATES WHETHER A CALL IS ROUTED DIRECTLY OR THROUGH A TANDEM. THIS LIMITATION MAY NOT APPLY TO ALL SWITCHED ACCESS SERVICES PROVIDED OUT OF THIS WIRE CENTER.
HH,800 'ONLY' QUERY CHARGE BILLING LOCATION,A WIRE CENTER WHICH BILLS QUERY CHARGES FOR ORIGINATING 800 'ONLY' CALLS.
HI,SSP EQUIPPED BUT INCAPABLE OF HANDLING DIRECT ROUTING OF 888,A WIRE CENTER THAT IS SSP EQUIPPED AND HAS THE CAPABILITY OF HANDLING DIRECT TRUNKING OF 800 SERVICE ACCESS CODE TRAFFIC; BUT IS INCAPABLE OF HANDLING DIRECT TRUNKING OF 800 SERIES (OTHER THAN THE 800 SERVICE ACCESS CODE) TRAFFIC.
HJ,ORIGINATING LINE SCREENING (OLS) PROVISIONED BY FLEX ANI,A WIRE CENTER CAPABLE OF PROVIDING ORIGINATING LINE SCREENING (OLS) SERVICE USING FLEXIBLE AUTOMATIC NUMBER IDENTIFICATION (FLEX ANI) TECHNOLOGY
HK,ORIGINATING LINE SCREENING (OLS) PROVISIONED BY LIDB,A WIRE CENTER CAPABLE OF PROVIDING ORIGINATING LINE SCREENING (OLS) SERVICE USING LINE INFORMATION DATA BASE (LIDB) TECHNOLOGY.
HL,FACILITY SIGNALING POINT OF INTERCONNECTION (FSPOI),FSPOI DENOTES A TELEPHONE COMPANY DESIGNATED ORDERING POINT WITHIN A TELEPHONE COMPANY LATA TO WHICH CUSTOMERS MAY ORDER SS7 SIGNALING CONNECTIONS.
IA,ALTERNATE ROUTING,PROVIDES AN ALTERNATE ROUTE FOR DIRECTING TRAFFIC WHEN ALL CIRCUITS IN A TRUNK SERVING ARRANGEMENT ARE BUSY DUE TO TRAFFIC VOLUME.
IB,CALLING BILLING NUMBER DELIVERY - FGD PROTOCOL,PROVIDES THE AUTOMATIC TRANSMISSION OF THE 10 DIGIT BILLING NUMBER OF THE PARTY WHO ORIGINATES THE CALL TO THE CUSTOMER'S PREMISE.
IC,MULTILINE HUNT GROUP,PROVIDES A SOFTWARE-DEFINED SEARCH FOR AN IDLE TERMINAL TO WHICH A CALL CAN BE COMPLETED. SEVERAL TYPES OF HUNTING ARRANGEMENTS ARE AVAILABLE: REGULAR HUNTING; CIRCULAR HUNTING; AND/OR PREFERENTIAL HUNTING.
ID,MULTILINE HUNT GROUP - INDIVIDUAL ACCESS TO EACH PORT IN HUNT GROUP,ALLOWS EACH LINE IN A MULTILINE HUNT GROUP (INCLUDING THE LEAD LINE) TO BE ASSIGNED A SEPARATE NON-HUNT DIRECTORY. WHEN A NON-HUNT DIRECTORY NUMBER IS DIALED; A CALL IS PLACED ONLY TO THE DESIGNATED NUMBER. IF THE NUMBER IS BUSY; THE CALL WILL NOT ROUTE TO OTHER MEMBERS OF THE HUNT GROUP; AND A BUSY SIGNAL IS RETURNED.
IE,MULTILINE HUNT GROUP - UCD WITH QUEUING,PROVIDES THE CAPABILITY FOR A UNIFORM CALL DISTRIBUTION MULTILINE HUNT GROUP TO BE EQUIPPED WITH QUEUING FEATURE. THE QUEUING FEATURE PROVIDES A MEANS FOR AUTOMATICALLY QUEUING CALLS TO A MULTILINE HUNT GROUP WHEN ALL HUNTING GROUP TERMINATIONS ARE BUSY.
IF,MULTILINE HUNT GROUP - C.O. ANNOUNCEMENTS,PROVIDES FOR AUTOMATIC ROUTING OF INCOMING CALLS TO MULTILINE HUNT GROUPS TO ONE OR MORE PRE-RECORDED ANNOUNCEMENTS WHEN THE CALL IS NOT SERVICED WITHIN A PRESET TIME INTERVAL.
IG,MULTILINE HUNT GROUP - UNIFORM CALL DISTRIBUTION LINE HUNTING,PROVIDES FOR EQUAL DISTRIBUTION OF INCOMING CALLS TO ALL TERMINAL NUMBERS WITHIN A HUNT GROUP.
IH,MAKE BUSY KEY,PROVIDES THE ABILITY FOR THE CUSTOMER TO PLACE LINES OR TRUNKS INTO A BUSY OR OVERFLOW CONDITION. SUBSEQUENT CALLS MAY EITHER BE DIRECTED TO A TONE; ANNOUNCEMENT OR POSSIBLY AN ALTERNATE ROUTE.
II,FLEXIBLE AUTOMATIC NUMBER IDENTIFICATION (ANI),A WIRE CENTER THAT PROVIDES ADDITIONAL VALUES FOR THE INFORMATION INDICATOR DIGITS AVAILABLE WITH THE ANI FEATURE.
IP,IP GATEWAY OFFICE,A WIRE CENTER THAT PERMITS INTERNET PROTOCOL (IP) VOICE NETWORKS TO INTERCONNECT WITH THE PUBLIC SWITCHED TELEPHONE NETWORK (PSTN) USING A TELEPHONE COMPANY PROVIDED IP GATEWAY.
JA,SWITCH TO COMPUTER APPLICATIONS INTERFACE,A WIRE CENTER THAT PROVIDES THE SWITCH TO COMPUTER APPLICATIONS INTERFACE CAPABILITY.
JB,CUSTOMER NETWORK MANAGEMENT,A WIRE CENTER THAT PROVIDES CUSTOMER NETWORK MANAGEMENT FOR FRAME RELAY SERVICE (FRS) AND SWITCHED MULTI-MEGABIT DATA SERVICES (SMDS). IN SOME CASES PROVIDES CUSTOMERS WITH THE ABILITY TO ACCESS AND MODIFY INFORMATION RELATING TO THE SERVICES PROVIDED TO THEM BY THE NETWORK.
JC,REAL TIME PIC (PRIMARY INTEREXCHANGE CARRIER) PROCESSING SERVICE,A WIRE CENTER THAT PROVIDES REAL TIME PIC PROCESSING SERVICE. (ENABLES AN INTEREXCHANGE CARRIER (IC); USING AN ON-LINE ELECTRONIC INTERFACE; TO SUBMIT PIC CHANGE ORDERS)
JD,PRIMARY INTEREXCHANGE CARRIER (PIC) VERIFICATION SERVICE,A WIRE CENTER THAT PROVIDES PRIMARY INTEREXCHANGE CARRIER (PIC) VERIFICATION SERVICE.
JE,TRANSPARENT LAN SERVICE,A HIGH-SPEED TRANSPORT SERVICE DESIGNED TO OFFER INTERCONNECTION OF CUSTOMER LOCAL AREA NETWORKS (LANS).
OE,OPTICAL ETHERNET SERVICE,A WIRE CENTER EQUIPPED TO PROVIDE OPTICAL ETHERNET SERVICE THAT IS NOT A PRIMARY OR SUBTENDING OPTICAL ETHERNET CENTRAL OFFICE. THIS WIRE CENTER PROVIDES SERVICE ONLY TO CUSTOMERS SERVED BY ITSELF (I.E.; ON A STANDALONE BASIS). OPTICAL ETHERNET SERVICE PROVIDES DEDICATED BANDWIDTH FROM 10 MBPS UP TO 1 GBPS. OPTICAL ETHERNET SERVICE ALLOWS BUSINESSES TO INTERCONNECT TWO OR MORE CUSTOMER NETWORK LOCATIONS; FOR EXAMPLE A CAMPUS AREA NETWORK/METROPOLITAN AREA NETWORK/WIDE AREA NETWORK (CAN/MAN/WAN); AS IF THEY WERE SEGMENTS ON THE SAME LOCAL AREA NETWORK (LAN) USING PACKET-BASED SWITCHING TECHNOLOGIES. THE TELEPHONE COMPANY WILL PROVIDE AN ELECTRICAL TERMINATION (E.G.; 10/100 BASET) OR OPTICAL TERMINATION (E.G.; GIG-E) AT THE CUSTOMER LOCATION.
OH,OPTICAL ETHERNET HUB - INTERMEDIATE,AN OPTICAL ETHERNET HUB IS A PRIMARY CENTRAL OFFICE THAT IS EQUIPPED TO PROVIDE OPTICAL ETHERNET SERVICES. IN ADDITION; THE PRIMARY CENTRAL OFFICE PROVIDES OPTICAL ETHERNET SERVICES TO SUBTENDING WIRE CENTERS (IDENTIFIED WITH OFFICE TYPE CODE OR) WHICH ARE OPTICALLY HUBBED TO THE PRIMARY CENTRAL OFFICE. OPTICAL ETHERNET SERVICE PROVIDES DEDICATED BANDWIDTH FROM 10 MBPS UP TO 1 GBPS. OPTICAL ETHERNET SERVICE ALLOWS BUSINESSES TO INTERCONNECT TWO OR MORE CUSTOMER NETWORK LOCATIONS; FOR EXAMPLE A CAMPUS AREA NETWORK/METROPOLITAN AREA NETWORK/WIDE AREA NETWORK (CAN/MAN/WAN); AS IF THEY WERE SEGMENTS ON THE SAME LOCAL AREA NETWORK (LAN) USING PACKET-BASED SWITCHING TECHNOLOGIES.
OR,OPTICAL ETHERNET SUBTENDING WIRE CENTER,AN OPTICAL ETHERNET SUBTENDING WIRE CENTER IS A CENTRAL OFFICE WITHIN A CERTAIN DISTANCE RANGE OF THE OPTICAL ETHERNET HUB (IDENTIFIED WITH OFFICE TYPE CODE OH). THE DISTANCE RANGE OF THE SUBTENDING WIRE CENTER IS SUBJECT TO THE TECHNICAL PARAMETERS OF THE SERVICE PROVIDER NETWORK. THE PRIMARY CENTRAL OFFICE (IDENTIFIED WITH OFFICE TYPE CODE OH) PROVIDES OPTICAL ETHERNET SERVICES TO SUBTENDING WIRE CENTERS WHICH ARE OPTICALLY HUBBED TO THE PRIMARY CENTRAL OFFICE. OPTICAL ETHERNET SERVICE PROVIDES DEDICATED BANDWIDTH FROM 10 MBPS UP TO 1 GBPS. OPTICAL ETHERNET SERVICE ALLOWS BUSINESSES TO INTERCONNECT TWO OR MORE CUSTOMER NETWORK LOCATIONS; FOR EXAMPLE A CAMPUS AREA NETWORK/METROPOLITAN AREA NETWORK/WIDE AREA NETWORK (CAN/MAN/WAN); AS IF THEY WERE SEGMENTS ON THE SAME LOCAL AREA NETWORK (LAN) USING PACKET-BASED SWITCHING TECHNOLOGIES. THE TELEPHONE COMPANY WILL PROVIDE AN ELECTRICAL TERMINATION (E.G. 10/100 BASET) OR OPTICAL TERMINATION (E.G. GIG-E) AT THE CUSTOMER LOCATION.
PA,SPECIAL ACCESS - PRICING ZONE 1,A WIRE CENTER THAT IS DESIGNATED AS BEING LOCATED IN PRICING ZONE 1 PURSUANT WITH LEC'S COLLOCATION/EXPANDED INTERCONNECTION TARIFF(S).
PB,SPECIAL ACCESS - PRICING ZONE 2,A WIRE CENTER THAT IS DESIGNATED AS BEING LOCATED IN PRICING ZONE 2 PURSUANT WITH LEC'S COLLOCATION/EXPANDED INTERCONNECTION TARIFF(S).
PC,SPECIAL ACCESS - PRICING ZONE 3,A WIRE CENTER THAT IS DESIGNATED AS BEING LOCATED IN PRICING ZONE 3 PURSUANT WITH LEC'S COLLOCATION/EXPANDED INTERCONNECTION TARIFF(S).
PD,SPECIAL ACCESS - PRICING ZONE 4,A WIRE CENTER THAT IS DESIGNATED AS BEING LOCATED IN PRICING ZONE 4 PURSUANT WITH LEC'S COLLOCATION/EXPANDED INTERCONNECTION TARIFF(S).
PE,BASE RENT AREA 1,A WIRE CENTER THAT IS DESIGNATED AS BEING LOCATED IN BASE RENT AREA 1 FOR PURPOSES OF DETERMINING THE MONTHLY RENT OF THE PHYSICAL SPACE PURSUANT WITH LEC'S COLLOCATION/EXPANDED INTERCONNECTION TARIFFS.
PF,BASE RENT AREA 2,A WIRE CENTER THAT IS DESIGNATED AS BEING LOCATED IN BASE RENT AREA 2 FOR PURPOSES OF DETERMINING THE MONTHLY RENT OF THE PHYSICAL SPACE PURSUANT WITH LEC'S COLLOCATION/EXPANDED INTERCONNECTION TARIFFS.
PG,BASE RENT AREA 3,A WIRE CENTER THAT IS DESIGNATED AS BEING LOCATED IN BASE RENT AREA 3 FOR PURPOSES OF DETERMINING THE MONTHLY RENT OF THE PHYSICAL SPACE PURSUANT WITH LEC'S COLLOCATION/EXPANDED INTERCONNECTION TARIFFS.
PH,BASE RENT AREA 4,A WIRE CENTER THAT IS DESIGNATED AS BEING LOCATED IN BASE RENT AREA 4 FOR PURPOSES OF DETERMINING THE MONTHLY RENT OF THE PHYSICAL SPACE PURSUANT WITH LEC'S COLLOCATION/EXPANDED INTERCONNECTION TARIFFS.
PJ,SWITCHED ACCESS - PRICING ZONE 1,A WIRE CENTER THAT IS DESIGNATED AS BEING LOCATED IN PRICING ZONE 1 PURSUANT WITH LEC'S COLLOCATION/EXPANDED INTERCONNECTION TARIFF(S).
PK,SWITCHED ACCESS - PRICING ZONE 2,A WIRE CENTER THAT IS DESIGNATED AS BEING LOCATED IN PRICING ZONE 2 PURSUANT WITH LEC'S COLLOCATION/EXPANDED INTERCONNECTION TARIFF(S).
PL,SWITCHED ACCESS - PRICING ZONE 3,A WIRE CENTER THAT IS DESIGNATED AS BEING LOCATED IN PRICING ZONE 3 PURSUANT WITH LEC'S COLLOCATION/EXPANDED INTERCONNECTION TARIFF(S).
PM,SWITCHED ACCESS - PRICING ZONE 4,A WIRE CENTER THAT IS DESIGNATED AS BEING LOCATED IN PRICING ZONE 4 PURSUANT WITH LEC'S COLLOCATION/EXPANDED INTERCONNECTION TARIFF(S).
PN,TERM AND VOLUME DISCOUNT,A WIRE CENTER THAT PROVIDES TERM AND VOLUME DISCOUNTS FOR DS1 AND/OR DS3 SERVICES.
PO,SPECIAL ACCESS - PRICING ZONE 5,A WIRE CENTER THAT IS DESIGNATED AS BEING LOCATED IN PRICING ZONE 5 PURSUANT WITH LEC'S COLLOCATION/EXPANDED INTERCONNECTION TARIFF(S).
PQ,SWITCHED ACCESS - PRICING ZONE 5,A WIRE CENTER THAT IS DESIGNATED AS BEING LOCATED IN PRICING ZONE 5 PURSUANT WITH LEC'S COLLOCATION/EXPANDED INTERCONNECTION TARIFF(S).
PR,PHASE I MSA PRICING FLEXIBILITY (FULL CONTRACTUAL RELIEF AREA),A WIRE CENTER THAT IS DESIGNATED AS BEING LOCATED WITHIN A MSA (METROPOLITAN STATISTICAL AREA) THAT HAS BEEN GRANTED FULL CONTRACTUAL PHASE I PRICING FLEXIBILITY RELIEF. FULL CONTRACTUAL PHASE I RELIEF APPLIES TO DEDICATED TRANSPORT AND SPECIAL ACCESS SERVICES INCLUDING CHANNEL TERMINATIONS BETWEEN ITS END OFFICES AND END USER.
PS,PHASE II MSA PRICING FLEXIBILITY (FULL SERVICE RELIEF AREA),A WIRE CENTER THAT IS DESIGNATED AS BEING LOCATED WITHIN A MSA (METROPOLITAN STATISTICAL AREA) THAT HAS BEEN GRANTED FULL PHASE II PRICING FLEXIBILITY RELIEF AS DELINEATED IN THE LEC'S ACCESS SERVICE TARIFF(S). FULL PHASE II RELIEF APPLIES TO DEDICATED TRANSPORT AND SPECIAL ACCESS SERVICES INCLUDING CHANNEL TERMINATIONS BETWEEN ITS END OFFICES AND END USER.
PT,PHASE I MSA PRICING FLEXIBILITY (LIMITED CONTRACTUAL RELIEF AREA),A WIRE CENTER THAT IS DESIGNATED AS BEING LOCATED WITHIN A MSA (METROPOLITAN STATISTICAL AREA) THAT HAS BEEN GRANTED LIMITED CONTRACTUAL PHASE I PRICING FLEXIBILITY RELIEF. LIMITED CONTRACTUAL PHASE I RELIEF APPLIES TO DEDICATED TRANSPORT AND SPECIAL ACCESS SERVICES EXCEPT CHANNEL TERMINATIONS BETWEEN ITS END OFFICES AND END USER.
PU,PHASE II MSA PRICING FLEXIBILITY (LIMITED SERVICE RELIEF AREA),A WIRE CENTER THAT IS DESIGNATED AS BEING LOCATED WITHIN A MSA (METROPOLITAN STATISTICAL AREA) THAT HAS BEEN GRANTED LIMITED PHASE II PRICING FLEXIBILITY RELIEF AS DELINEATED IN THE LEC'S ACCESS SERVICE TARIFF(S). LIMITED PHASE II RELIEF APPLIES TO DEDICATED TRANSPORT AND SPECIAL ACCESS SERVICES EXCEPT CHANNEL TERMINATIONS BETWEEN ITS END OFFICES AND END USER.
QA,SWITCHED ACCESS INTERCONNECTION - PHYSICAL COLLOCATION FIBER,A WIRE CENTER THAT PROVIDES THE CAPABILITY TO INTERCONNECT TO THE LEC NETWORK FOR SWITCHED ACCESS SERVICES VIA FIBER BY PHYSICALLY LOCATING EQUIPMENT IN THE LEC'S FACILITY PURSUANT WITH LEC'S COLLOCATION/EXPANDED INTERCONNECTION TARIFF(S).
QB,SWITCHED ACCESS INTERCONNECTION - VIRTUAL COLLOCATION FIBER,A WIRE CENTER THAT PROVIDES THE CAPABILITY TO INTERCONNECT TO THE LEC NETWORK FOR SWITCHED ACCESS SERVICES VIA FIBER AT A LOCATION ADJACENT TO THE LEC'S FACILITY PURSUANT WITH LEC'S COLLOCATION/EXPANDED INTERCONNECTION TARIFF(S).
QC,SWITCHED ACCESS INTERCONNECTION - PHYSICAL COLLOCATION MICROWAVE,A WIRE CENTER THAT PROVIDES THE CAPABILITY TO INTERCONNECT TO THE LEC NETWORK FOR SWITCHED ACCESS SERVICES USING MICROWAVE TRANSMISSION EQUIPMENT PHYSICALLY LOCATED IN THE LEC'S FACILITY PURSUANT WITH LEC'S COLLOCATION/EXPANDED INTERCONNECTION TARIFF(S).
QD,SWITCHED ACCESS INTERCONNECTION - VIRTUAL COLLOCATION MICROWAVE,A WIRE CENTER THAT PROVIDES THE CAPABILITY TO INTERCONNECT TO THE LEC NETWORK FOR SWITCHED ACCESS SERVICES USING MICROWAVE TRANSMISSION EQUIPMENT AT A LOCATION ADJACENT TO THE LEC'S FACILITY PURSUANT WITH THE LEC'S COLLOCATION/EXPANDED INTERCONNECTION TARIFF(S).
QE,SPECIAL ACCESS INTERCONNECTION - PHYSICAL COLLOCATION FIBER,A WIRE CENTER THAT PROVIDES THE CAPABILITY TO INTERCONNECT TO THE LEC NETWORK FOR SPECIAL ACCESS SERVICES VIA FIBER BY PHYSICALLY LOCATING EQUIPMENT IN THE LEC'S FACILITY PURSUANT WITH LEC'S COLLOCATION/EXPANDED INTERCONNECTION TARIFF(S).
QF,SPECIAL ACCESS INTERCONNECTION - VIRTUAL COLLOCATION FIBER,A WIRE CENTER THAT PROVIDES THE CAPABILITY TO INTERCONNECT TO THE LEC NETWORK FOR SPECIAL ACCESS SERVICES VIA FIBER AT A LOCATION ADJACENT TO THE LECS FACILITY PURSUANT WITH LEC'S COLLOCATION/EXPANDED INTERCONNECTION TARIFF(S).
QG,SPECIAL ACCESS INTERCONNECTION - PHYSICAL COLLOCATION MICROWAVE,A WIRE CENTER THAT PROVIDES THE CAPABILITY TO INTERCONNECT TO THE LEC NETWORK FOR SPECIAL ACCESS SERVICES USING MICROWAVE TRANSMISSION EQUIPMENT PHYSICALLY LOCATED IN THE LEC'S FACILITY PURSUANT WITH LEC'S COLLOCATION/EXPANDED INTERCONNECTION TARIFF(S).
QH,SPECIAL ACCESS INTERCONNECTION - VIRTUAL COLLOCATION MICROWAVE,A WIRE CENTER THAT PROVIDES THE CAPABILITY TO INTERCONNECT TO THE LEC NETWORK FOR SPECIAL ACCESS SERVICES USING MICROWAVE TRANSMISSION EQUIPMENT AT A LOCATION ADJACENT TO THE LEC'S FACILITY PURSUANT WITH THE LEC'S COLLOCATION/EXPANDED INTERCONNECTION TARIFF(S).
RA,METALLIC BRIDGING (THREE PREMISES AND SERIES),A WIRE CENTER THAT PROVIDES FOR CONNECTION OF THREE OR MORE CUSTOMER DESIGNATED PREMISES FOR METALLIC SPECIAL ACCESS SERVICE. THREE PREMISES BRIDGING PROVIDES TIP-TO-TIP AND RING-TO-RING CONNECTION OF A METALLIC PAIR TO A THIRD CUSTOMER DESIGNATED PREMISES.
RB,TELEGRAPH BRIDGING (TWO-WIRE AND FOUR-WIRE),A WIRE CENTER THAT PROVIDES FOR CONNECTION OF THREE OR MORE CUSTOMER DESIGNATED PREMISES FOR TELEGRAPH SPECIAL ACCESS SERVICE.
RC,VOICE BRIDGING (TWO-WIRE AND FOUR-WIRE),A WIRE CENTER THAT PROVIDES FOR THE CONNECTION OF THREE OR MORE CUSTOMER DESIGNATED PREMISES FOR VOICE GRADE SPECIAL ACCESS SERVICE.
RD,VOICE GRADE DATA BRIDGING (TWO-WIRE AND FOUR-WIRE),A WIRE CENTER THAT PROVIDES FOR CONNECTION OF THREE OR MORE CUSTOMER DESIGNATED PREMISES FOR VOICE GRADE SPECIAL ACCESS DATA SERVICE.
RE,TELEPHOTO BRIDGING (TWO-WIRE AND FOUR-WIRE),A WIRE CENTER THAT PROVIDES FOR CONNECTION OF THREE OR MORE CUSTOMER DESIGNATED PREMISES FOR VOICE GRADE SPECIAL ACCESS TELEPHOTOGRAPHIC SERVICE.
RF,TELEMETRY AND ALARM BRIDGING SPLIT BAND (ACTIVE),A WIRE CENTER THAT PROVIDES FOR CONNECTION OF THREE OR MORE CUSTOMER DESIGNATED PREMISES FOR VOICE GRADE SPECIAL ACCESS TELEMETRY AND ALARM SERVICE. SPLIT BAND INDICATES THAT A COMPUTER DOES POLLING (EITHER HALF OR FULL DUPLEX) AND HAS A4-WIRE BRIDGE. AN ELECTRIC NETWORK CONTAINING ONE OR MORE SOURCES OF POWER IS ACTIVE.
RG,TELEMETRY AND ALARM BRIDGING SUMMATION (ACTIVE),A WIRE CENTER THAT PROVIDES FOR CONNECTION OF THREE OR MORE CUSTOMER DESIGNATED PREMISES FOR VOICE GRADE SPECIAL ACCESS TELEMETRY AND ALARM SERVICE. SUMMATION INDICATES THAT IT IS PROVIDED VIA A METALLIC CIRCUIT AND IS SOMETIMES CALLED A MCCULLOUGH CIRCUIT. AN ELECTRIC NETWORK CONTAINING ONE OR MORE SOURCES OF POWER IS ACTIVE.
RH,TELEMETRY AND ALARM BRIDGING (PASSIVE),A WIRE CENTER THAT PROVIDES FOR CONNECTION OF THREE OR MORE CUSTOMER DESIGNATED PREMISES FOR VOICE GRADE SPECIAL ACCESS TELEMETRY AND ALARM SERVICE. A PASSIVE NETWORK HAS NO SOURCE OF POWER.
RJ,DATAPHONE SELECT-A-STATION BRIDGING-SEQUENTIAL ARRANGEMENT (TWO-WIRE AND FOUR-WIRE),A WIRE CENTER THAT PROVIDES FOR CONNECTION OF THREE OR MORE CUSTOMER DESIGNATED PREMISES FOR VOICE GRADE SPECIAL ACCESS DATA SERVICE. SELECT-A-STATION (SEQUENTIAL) IS A SYSTEM IN WHICH THE INFORMATION BECOMES AVAILABLE IN ONE STATION AFTER THE OTHER; WHETHER ALL OF IT IS DESIRED OR NOT.
RK,DATAPHONE SELECT-A-STATION BRIDGING-ADDRESSABLE ARRANGEMENT (TWO-WIRE AND FOUR-WIRE),A WIRE CENTER THAT PROVIDES FOR THE CONNECTION OF THREE OR MORE DESIGNATED PREMISES FOR VOICE GRADE SPECIAL ACCESS DATA SERVICE. SELECT-A-STATION (ADDRESSABLE) IS A SYSTEM IN WHICH THE INFORMATION BECOMES AVAILABLE AT ONE OR MORE PREDESIGNATED STATIONS IN THE COMMUNICATION NETWORK.
RL,DIGITAL DATA BRIDGING - INTERMEDIATE,A WIRE CENTER THAT PROVIDES FOR THE CONNECTION OF THREE OR MORE CUSTOMER DESIGNATED PREMISES FOR DIGITAL DATA SPECIAL ACCESS SERVICE. IT SERVICES SPECIFIED SUBTENDING WIRE CENTERS.
RM,PROGRAM AUDIO BRIDGING,A WIRE CENTER THAT PROVIDES FOR THE CONNECTION OF THREE OR MORE CUSTOMER DESIGNATED PREMISES FOR PROGRAM AUDIO SPECIAL ACCESS SERVICE.
RN,VOICE BRIDGING - TERMINUS (TWO-WIRE AND FOUR-WIRE),A WIRE CENTER THAT PROVIDES FOR THE CONNECTION OF THREE OR MORE CUSTOMER DESIGNATED PREMISES FOR VOICE GRADE SPECIAL ACCESS SERVICE. IT SERVICES CUSTOMERS ONLY IN THE WIRE CENTER WHERE THE BRIDGING IS PERFORMED.
RO,VOICE GRADE DATA BRIDGING - TERMINUS (TWO-WIRE AND FOURWIRE),A WIRE CENTER THAT PROVIDES FOR THE CONNECTION OF THREE OR MORE CUSTOMER DESIGNATED PREMISES FOR VOICE GRADE SPECIAL ACCESS SERVICE DATA SERVICE. IT SERVICES CUSTOMERS ONLY IN THE WIRE CENTER WHERE THE BRIDGING IS PERFORMED.
RP,VOICE BRIDGING - INTERMEDIATE (TWO-WIRE AND FOUR-WIRE),A WIRE CENTER THAT PROVIDES FOR THE CONNECTION OF THREE OR MORE CUSTOMER DESIGNATED PREMISES FOR VOICE GRADE SPECIAL ACCESS SERVICE. IT SERVES SPECIFIED SUBTENDING WIRE CENTERS.
RQ,VOICE GRADE DATA BRIDGING - INTERMEDIATE (TWO-WIRE AND FOUR-WIRE),A WIRE CENTER THAT PROVIDES FOR THE CONNECTION OF THREE OR MORE CUSTOMER DESIGNATED PREMISES FOR VOICE GRADE SPECIAL ACCESS DATA SERVICE. IT SERVES SPECIFIED SUBTENDING WIRE CENTERS.
RS,SYNCHRONOUS DIGITAL DATA SERVICE BRIDGING CAPABILITY,A WIRE CENTER THAT PROVIDES FOR THE CONNECTION OF THREE OR MORE CUSTOMER DESIGNATED PREMISES FOR THE TRANSMISSION OF SYNCHRONOUS SPECIAL ACCESS DIGITAL DATA SERVICE.
RT,DATA OVER VOICE DIGITAL BRIDGING CAPABILITY,A WIRE CENTER THAT PROVIDES FOR THE CONNECTION OF THREE OR MORE CUSTOMER DESIGNATED PREMISES FOR THE TRANSMISSION OF SPECIAL ACCESS DIGITAL DATA SERVICE FOR DATA OVER VOICE DIGITAL SERVICE.
RU,METALLIC BRIDGING - INTERMEDIATE (THREE PREMISES AND SERIES),A WIRE CENTER THAT PROVIDES FOR THE CONNECTION OF THREE OR MORE CUSTOMER DESIGNATED PREMISES FOR METALLIC SPECIAL ACCESS SERVICE. THREE PREMISES BRIDGING PROVIDES TIP-TO-TIP AND RING-TO-RING CONNECTION OF A METALLIC PAIR TO A THIRD CUSTOMER DESIGNATED PREMISES. IT SERVES SPECIFIED SUBTENDING WIRE CENTERS.
RW,TELEGRAPH BRIDGING - INTERMEDIATE (TWO-WIRE AND FOUR-WIRE),A WIRE CENTER THAT PROVIDES FOR THE CONNECTION OF THREE OR MORE CUSTOMER DESIGNATED PREMISES FOR TELEGRAPH SPECIAL ACCESS SERVICE. IT SERVES SPECIFIED SUBTENDING WIRE CENTERS.
RX,PROGRAM AUDIO BRIDGING - INTERMEDIATE,A WIRE CENTER THAT PROVIDES FOR THE CONNECTION OF THREE OR MORE CUSTOMER DESIGNATED PREMISES FOR PROGRAM AUDIO SPECIAL ACCESS SERVICES. IT SERVES SPECIFIED SUBTENDING WIRE CENTERS.
SA,VOICE GRADE MULTIPLEXING,A WIRE CENTER THAT CONVERTS A VOICE GRADE CHANNEL TO TELEGRAPH GRADE CHANNELS USING FREQUENCY DIVISION MULTIPLEXING.
SC,WIDEBAND ANALOG MULTIPLEXING (MASTERGROUP TO SUPERGROUP),A WIRE CENTER THAT CONVERTS A MASTERGROUP CHANNEL TO TEN SUPERGROUP CHANNELS USING FREQUENCY DIVISION MULTIPLEXING.
SD,WIDEBAND ANALOG MULTIPLEXING (SUPERGROUP TO GROUP),A WIRE CENTER THAT CONVERTS A SUPERGROUP CHANNEL TO FIVE GROUP CHANNELS USING FREQUENCY DIVISION MULTIPLEXING.
SE,WIDEBAND ANALOG MULTIPLEXING (GROUP TO VOICE),A WIRE CENTER THAT CONVERTS A GROUP CHANNEL TO TWELVE VOICE GRADE CHANNELS USING FREQUENCY DIVISION MULTIPLEXING.
SF,WIDEBAND ANALOG MULTIPLEXING (GROUP TO DS1),A WIRE CENTER THAT CONVERTS TWO GROUP CHANNELS TO A DS1 (1.544 MBPS) CHANNEL USING ANALOG TO DIGITAL CONVERSION.
SG,HIGH CAPACITY MULTIPLEXING (DS4 TO DS1),A WIRE CENTER THAT CONVERTS A DS4 (274.176 MBPS) CHANNEL TO 168 DS1 (1.544 MBPS) CHANNELS USING DIGITAL TIME DIVISION MULTIPLEXING.
SH,HIGH CAPACITY MULTIPLEXING (DS3 TO DS1),A WIRE CENTER THAT CONVERTS A DS3 (44.736 MBPS) CHANNEL TO 28 DS1 (1.544 MBPS) CHANNELS USING DIGITAL TIME DIVISION MULTIPLEXING.
SI,SWITCHED FRACTIONALIZED OFFICE,A WIRE CENTER THAT SUPPORTS DIGITAL DATA TRANSMISSIONS FROM 128 KBPS TO 1.536 MBPS IN INCREMENTS OF 64 KBPS
SJ,HIGH CAPACITY MULTIPLEXING - TERMINUS (DS3 TO DS1),A WIRE CENTER THAT CONVERTS A DS3 (44.736 MBPS) CHANNELS TO 28 DS1 (1.544 MBPS) CHANNELS USING DIGITAL TIME DIVISION MULTIPLEXING. IT SERVES CUSTOMERS ONLY IN THE WIRE CENTER WHERE THE MULTIPLEXING IS PERFORMED.
SK,HIGH CAPACITY MULTIPLEXING - INTERMEDIATE (DS3 TO DS1),A WIRE CENTER THAT CONVERTS A DS3 (44.736 MBPS) CHANNEL TO 28 DS1 (1.544 MBPS) CHANNELS USING DIGITAL TIME DIVISION MULTIPLEXING. IT SERVES SPECIFIED SUBTENDING WIRE CENTERS.
SL,HIGH CAPACITY MULTIPLEXING - SUPER-INTERMEDIATE (DS3 TO DS1),A WIRE CENTER THAT CONVERTS A DS3 (44.736 MBPS) CHANNEL TO 28 DS1 (1.544 MBPS) CHANNELS USING DIGITAL TIME DIVISION MULTIPLEXING. IT SERVES ITSELF AND/OR SUBTENDING WIRE CENTERS IN AN ENTIRE LATA OR FOR ONE OR MORE SPECIFIC NPAS WITHIN A LATA.
SM,HIGH CAPACITY MULTIPLEXING (DS2 TO DS1),A WIRE CENTER THAT CONVERTS A DS2 (6.312 MBPS) CHANNEL TO FOUR DS1 (1.544 MBPS) CHANNELS USING DIGITAL TIME DIVISION MULTIPLEXING.
SN,HIGH CAPACITY MULTIPLEXING (DS1C TO DS1),A WIRE CENTER THAT CONVERTS A DS1C (3.152 MBPS) CHANNEL TO TWO DS1 (1.544 MBPS) CHANNELS USING DIGITAL TIME DIVISION MULTIPLEXING.
SP,DIGITAL DATA MULTIPLEXING (DS1 TO DIGITAL),A WIRE CENTER THAT CONVERTS A DS1 (1.544 MBPS) CHANNEL TO 24 INDIVIDUAL DIGITAL DATA CHANNELS.
SQ,HIGH CAPACITY MULTIPLEXING (DS1 TO VOICE),A WIRE CENTER THAT CONVERTS A DS1 (1.544 MBPS) CHANNEL TO 24 VOICE GRADE CHANNELS.
SR,HIGH CAPACITY MULTIPLEXING - INTERMEDIATE (DS1 TO VOICE),A WIRE CENTER THAT CONVERTS A DS1 (1.544 MBPS) CHANNEL TO 24 VOICE GRADE CHANNELS. IT SERVES SPECIFIED SUBTENDING WIRE CENTERS.
SS,HIGH CAPACITY MULTIPLEXING - SUPER-INTERMEDIATE (DS1 TO VOICE),A WIRE CENTER THAT CONVERTS A DS1 (1.544 MBPS) CHANNEL TO 24 VOICE GRADE CHANNELS. IT SERVES ITSELF AND/OR SUBTENDING WIRE CENTERS IN AN ENTIRE LATA OR FOR ONE OR MORE SPECIFIC NPAS WITHIN A LATA.
ST,OPTICAL LINE TERMINATING MULTIPLEXER,A WIRE CENTER WITH THE CAPABILITY TO CONVERT 135 MBPS; 405 MBPS; OR 560 MBPS CHANNEL CAPACITY TO THREE; NINE; OR TWELVE44.736 MBPS CHANNELS RESPECTIVELY; USING DIGITAL TIME DIVISION MULTIPLEXING.
SU,HIGH CAPACITY MUX - DS1 TO SYNCHRONOUS DIGITAL DATA/DATA OVER VOICE AND VOICE GRADE SERVICE,A WIRE CENTER THAT CONVERTS A DS1 (1.544 MBPS) CHANNEL TO 24 CHANNELS FOR USE WITH SYNCHRONOUS DIGITAL DATA SERVICE; DATA OVER VOICE DIGITAL SERVICE AND VOICE GRADE SERVICE.
SV,HIGH CAPACITY MULTIPLEXING - TERMINUS (DS1 TO VOICE),A WIRE CENTER THAT CONVERTS A DS1 (1.544) MBPS CHANNEL TO 24 DS0 (64.0 KBPS) CHANNELS USING TIME DIVISION MULTIPLEXING. IT SERVES CUSTOMERS ONLY IN THE WIRE CENTER WHERE THE MULTIPLEXING IS PERFORMED.
SW,HIGH CAPACITY MULTIPLEXING - INTERMEDIATE (DS1 TO DS0),A WIRE CENTER THAT CONVERTS A DS1 (1.544 MBPS) CHANNEL TO 23 DS0 (64.0 KBPS) CHANNELS USING DIGITAL TIME DIVISION MULTIPLEXING. IT SERVES SPECIFIED SUBTENDING WIRE CENTERS.
SX,DIGITAL DATA MULTIPLEXING (DS1 TO DIGITAL) - TERMINUS,A WIRE CENTER THAT CONVERTS A DS1 (1.544 MBPS) CHANNEL TO 24 INDIVIDUAL DIGITAL DATA CHANNELS. IT SERVES CUSTOMERS ONLY IN THE WIRE CENTER WHERE THE MULTIPLEXING IS PERFORMED.
SY,DIGITAL DATA MULTIPLEXING (DS1 TO DIGITAL) - INTERMEDIATE,A WIRE CENTER THAT CONVERTS A DS1 (1.544 MBPS) CHANNEL TO 24 INDIVIDUAL DIGITAL DATA CHANNELS. IT SERVES SPECIFIED SUBTENDING WIRE CENTERS.
T1,DS3 FRAME RELAY SERVICE - PACKET SWITCH,A WIRE CENTER THAT IS EQUIPPED WITH A FRAME RELAY PACKET SWITCH CAPABLE OF PROVIDING DS3 CUSTOMER INTERFACES
T2,DS3 FRAME RELAY SERVICE - ACCESS POINT,A WIRE CENTER THAT IS DESIGNATED AS AN ACCESS POINT TO DS3 FRAME RELAY SERVICE
T3,DIGITAL SUBSCRIBER LINE (DSL) SPECIAL ACCESS CONNECTION POINT - INTERMEDIATE,A WIRE CENTER THAT COLLECTS CUSTOMER DATA FROM MANY DSL ACCESS LINES AND PROVIDES FOR THE CONCENTRATION AND CONNECTION OF DSL DATA TRAFFIC TO SPECIAL ACCESS SERVICE. THIS LOCATION SERVES SPECIFIED SUBTENDING WIRE CENTERS.
T4,DIGITAL SUBSCRIBER LINE (DSL) FRAME RELAY CONNECTION POINT,A WIRE CENTER THAT COLLECTS CUSTOMER DATA FROM MANY DSL ACCESS LINES AND PROVIDES FOR THE CONCENTRATION AND CONNECTION OF DSL DATA TRAFFIC TO FRAME RELAY SERVICE.
T5,DIGITAL SUBSCRIBER LINE (DSL) FRAME RELAY CONNECTION POINT - INTERMEDIATE,A WIRE CENTER THAT COLLECTS CUSTOMER DATA FROM MANY DSL ACCESS LINES AND PROVIDES FOR THE CONCENTRATION AND COLLECTION OF DSL DATA TRAFFIC TO FRAME RELAY SERVICE. THIS LOCATION SERVES SPECIFIED SUBTENDING WIRE CENTERS.
T6,DIGITAL SUBSCRIBER LINE (DSL) FRAME RELAY CONNECTION POINT - SUPER INTERMEDIATE,A WIRE CENTER THAT COLLECTS CUSTOMER DATA FROM MANY DSL ACCESS LINES AND PROVIDES FOR THE CONCENTRATION AND CONNECTION OF DSL DATA TRAFFIC TO FRAME RELAY SERVICE. THIS LOCATION SERVES SUBTENDING WIRE CENTERS IN AN ENTIRE LATA OR WITHIN ONE OR MORE SPECIFIED NPAS WITHIN A LATA.
T7,DIGITAL SUBSCRIBER LINE (DSL) ASYNCHRONOUS TRANSFER MODE (ATM) CONNECTION POINT,A WIRE CENTER THAT COLLECTS CUSTOMER DATA FROM MANY DSL ACCESS LINES AND PROVIDES FOR THE CONCENTRATION AND CONNECTION OF DSL DATA TRAFFIC TO ATM SERVICE.
T8,INTERNET DIAL ACCESS,A WIRE CENTER THAT IS EQUIPPED WITH INTERNET DIAL ACCESS PROVIDING DIALABLE PORTS FOR CUSTOMER ACCESS TO THE INTERNETDIAL ACCESS NETWORK.
T9,DIGITAL SUBSCRIBER LINE USING SYMMETRICAL BIT RATES (DATA ONLY),A WIRE CENTER THAT PROVIDES A DIGITAL ACCESS LINE WHERE THE UPSTREAM AND THE DOWNSTREAM BIT RATES ARE THE SAME. BIT RATES MAY VARY BY LOOP CONDITION AND LENGTH (RATE ADAPTIVE).THIS IS A DATA ONLY SERVICE AND DOES NOT ALLOW SIMULTANEOUS USE OF A TELEPHONE CHANNEL.
TA,ACCESS CONCENTRATOR,A WIRE CENTER THAT PROVIDES THE PUBLIC DATA NETWORK COMPONENT THAT COLLECTS CUSTOMER DATA FROM MANY ACCESS LINES AND PROVIDES CONCENTRATION FOR DELIVERY TO THE PACKET SWITCH AND VICE VERSA.
TB,PACKET SWITCH,A WIRE CENTER THAT PROVIDES THE BACKBONE SWITCHING FUNCTION OF THE PUBLIC DATA NETWORK THAT PERFORMS HIGH-LEVEL USAGE INTERNODAL TRUNK SWITCHING. CAN ALSO PROVIDE ACCESS CONCENTRATOR FUNCTIONS.
TC,FRAME RELAY SERVICE ACCESS POINT - ACCESS CONCENTRATOR,A WIRE CENTER THAT PROVIDES ACCESS TO FRAME RELAY SERVICE VIA AN ACCESS CONCENTRATOR.
TD,DS1 & BELOW FRAME RELAY SERVICE - PACKET SWITCH,A WIRE CENTER THAT IS EQUIPPED WITH A FRAME RELAY PACKET SWITCH CAPABLE OF PROVIDING DS1 & BELOW CUSTOMER INTERFACES.
TE,PUBLIC DATA NETWORK ACCESS POINT - X.25 PROTOCOL,A WIRE CENTER THAT PROVIDES ACCESS TO A PUBLIC DATA NETWORK USING X.25 PROTOCOL.
TF,PUBLIC DATA NETWORK ACCESS POINT - X.75 PROTOCOL,A WIRE CENTER THAT PROVIDES ACCESS TO A PUBLIC DATA NETWORK USING X.75 PROTOCOL.
TG,SWITCHED MULTI-MEGABIT DATA SERVICE (SMDS),A WIRE CENTER THAT PROVIDES ACCESS TO SWITCHED MULTI-MEGABIT DATA SERVICE (SMDS).
TH,FRAME RELAY SERVICE ACCESS POINT - FRAME SWITCH,A WIRE CENTER THAT PROVIDES ACCESS TO FRAME RELAY SERVICE VIA A FRAME RELAY SWITCH. (FOR INSTANCE; WHEN ANOTHER FRAME RELAY PROVIDER'S SWITCH OR POINT OF PRESENCE IS SERVED OUT OF COMPANY A'S SWITCHING WIRE CENTER THAT DOES NOT HAVE COMPANY A'S FRAME RELAY SWITCH.)
TI,DIGITAL SUBSCRIBER LINE USING INTEGRATED SERVICES DIGITAL NETWORK (ISDN),A WIRE CENTER THAT PROVIDES DIGITAL ACCESS LINES ENABLING THE SIMULTANEOUS TRANSMISSION OF VOICE; DATA AND VIDEO. THERE ARE TWO TYPES: BASIC RATE;WHICH CONSISTS OF TWO BEARER(OR B) CHANNELS AND ONE SIGNALING (OR D) CHANNEL AND PRIMARY RATE; WHICH CONSISTS OF 23 BEARER (OR B) CHANNELS AND ONE SIGNALING (OR D) CHANNEL.
TJ,DIGITAL SUBSCRIBER LINE USING ASYMMETRICAL BIT RATES,A WIRE CENTER THAT PROVIDES A DIGITAL ACCESS LINE WHERE THE UPSTREAM AND THE DOWNSTREAM BIT RATES ARE DIFFERENT. BIT RATES MAY VARY BY LOOP CONDITION AND LENGTH (RATE ADAPTIVE).IT MAY ALLOW SIMULTANEOUS USE OF A TELEPHONE CHANNEL.
TK,DIGITAL SUBSCRIBER LINE USING SYMMETRICAL BIT RATES (DATA AND VOICE),A WIRE CENTER THAT PROVIDES A DIGITAL ACCESS LINE WHERE THE UPSTREAM AND THE DOWNSTREAM BIT RATES ARE THE SAME. BIT RATES MAY VARY BY LOOP CONDITION AND LENGTH (RATE ADAPTIVE). IT ALLOWS SIMULTANEOUS USE OF A TELEPHONE CHANNEL.
TL,MESSAGE WAITING INDICATOR - PACKET ACCESS,PROVIDES A CUSTOMER THE ABILITY OF ACTIVATING AND DEACTIVATING AN AUDIBLE SIGNAL (E.G. STUTTER DIAL TONE) ON ITS SUBSCRIBER'S LINES TO NOTIFY THE SUBSCRIBER THAT A MESSAGE IS WAITING FOR RETRIEVAL.
TM,FAST SELECT ACCEPTANCE - PACKET,USED IN CONJUNCTION WITH FAST SELECT REQUEST TO ALLOW THE CALLED DATA TERMINAL EQUIPMENT (DTE) TO RECEIVE USER DATA IN THE CALL SETUP PACKET.
TN,FAST SELECT REQUEST - PACKET,ALLOWS USERS DATA TO BE INCLUDED IN THE ORIGINATING CALL REQUEST PACKET SENT FROM THE CALLING DATA TERMINAL EQUIPMENT (DTE) TO THE CALLED DTE.
TO,MENU SERVER - PACKET,PROVIDES THE ABILITY TO ACCESS DESTINATIONS PREDETERMINED BY THE CUSTOMER IN THE PACKET SWITCHING NETWORK VIA A MENU.
TP,CALL REDIRECTION - PACKET,ALLOWS THE NETWORK TO AUTOMATICALLY REDIRECT CALLS TO A PREDEFINED BACKUP DATA TERMINAL EQUIPMENT (DTE) ON THE NETWORK BASED ON PREDEFINED CONDITIONS.
TQ,HUNT GROUPS - PACKET,PROVIDES THE CAPABILITY TO DISTRIBUTE INCOMING CALLS TO A SINGLE PACKET NETWORK ADDRESS.
TR,CALL DETAIL RECORDING REPORTS (PACKET),PROVIDES A RECORD OF ALL CALLS MADE TO A TELEPHONE NUMBER; E.G. DATE; TIME OF DAY AND DURATION OF CALL.
TS,CLOSED USER GROUPS - PACKET,ALLOWS A CUSTOMER TO PRESELECT A SPECIFIC SET OF OTHER CUSTOMERS WITH WHOM TO COMMUNICATE PRIVATELY. CUSTOMER ACCESS LINES IN A CLOSED USER GROUP CAN ONLY COMMUNICATE WITH OTHER ACCESS LINES IN THAT USER GROUP.
TT,REVERSE CHARGE ACCEPTANCE - PACKET,ALLOWS A CALL FROM AN ORIGINATING DATA TERMINAL EQUIPMENT (DTE) TO BE CHARGED TO THE TERMINATING CUSTOMER.
TU,ASYNCHRONOUS TRANSFER MODE (ATM),A WIRE CENTER THAT PROVIDES ASYNCHRONOUS TRANSFER MODE TRANSMISSION SCHEMES. THIS SERVICE PROVIDES CUSTOMERS WITH HIGH-SPEED; LOW-DELAY INFORMATION TRANSFER CAPACITY; WHICH SUPPORTS APPLICATIONS THAT REQUIRE NEAR-REAL-TIME MIXED MEDIA (DATA;VOICE;IMAGE;VIDEO).
TW,DS1 & BELOW FRAME RELAY SERVICE - ACCESS POINT,A WIRE CENTER THAT IS ASSIGNED AS AN ACCESS POINT TO DS1 & BELOW FRAME RELAY SERVICE.
TX,FRAME RELAY SERVICE-SUPER INTERMEDIATE,A WIRE CENTER THAT PROVIDES SWITCHING FUNCTIONS FOR FRAME RELAY AND IS INTERCONNECTED TO ANOTHER TELEPHONE COMPANY'S FRAME RELAY SWITCH. THIS LOCATION SERVES SUBTENDING WIRE CENTERS IN AN ENTIRE LATA OR WITHIN ONE OR MORE SPECIFIED NPA'S WITHIN A LATA.
TY,FRAME RELAY SERVICE - INTERMEDIATE,A WIRE CENTER THAT PROVIDES SWITCHING FUNCTIONS FOR FRAME RELAY AND IS INTERCONNECTED TO ANOTHER TELEPHONE COMPANY'S FRAME RELAY SWITCH. THIS LOCATION SERVES SPECIFIED SUBTENDING WIRE CENTERS.
TZ,DIGITAL SUBSCRIBER LINE (DSL) ETHERNET TRANSPORT CONNECTION POINT,A WIRE CENTER THAT COLLECTS CUSTOMER DATA FROM MANY DSL ACCESS LINES AND PROVIDES FOR THE CONCENTRATION AND CONNECTION OF DSL DATA TRAFFIC TO A HIGH-SPEED ETHERNET TRANSPORT SERVICE.
UA,SPECIAL ACCESS FLAT-RATED DS1 TRANSPORT OVER FIBER,A WIRE CENTER THAT PROVIDES FLAT-RATED DS1 SPECIAL ACCESS SERVICE BETWEEN TWO OR MORE WIRE CENTERS OVER FIBER OPTIC FACILITIES.
UB,SECONDARY CHANNEL CAPABILITY,A WIRE CENTER THAT ENABLES A DIGITAL DATA SERVICE CUSTOMER TO DERIVE AN ADDITIONAL LOW SPEED CHANNEL ON A DIGITAL DATA CIRCUIT.
UC,VIDEO HUB,A WIRE CENTER THAT PROVIDES FOR CONNECTION OF THREE OR MORE CUSTOMER DESIGNATED PREMISES FOR VIDEO SPECIAL ACCESS SERVICE
UD,SPECIAL ACCESS OFFICE,A WIRE CENTER THAT PROVIDES NO SWITCHED ACCESS SERVICES AND HAS NO ASSOCIATED NXXS. IT MUST AT LEAST PROVIDE VOICE\DATA PRIVATE LINE SERVICES AND MAY PROVIDE BRIDGING AND MULTIPLEXING.
UE,NETWORK RECONFIGURATION OFFICE - DS1 AND LOWER RATES,A WIRE CENTER THAT PROVIDES THE MEANS TO ALLOW CUSTOMER RECONFIGURATION AND CONTROL OF POINT-TO-POINT CONNECTIONS OF ITS DS1 DIGITAL FACILITIES AND SUBTENDING CHANNELS OR ITS ANALOG OR DIGITAL FACILITIES AT DATA RATES BELOW DS1 (1.544 MBPS).
UF,VOICE GATEWAY OFFICE,A WIRE CENTER THAT ENABLES ENHANCED SERVICE PROVIDERS TO OFFER INTERACTIVE VOICE INFORMATION SERVICES.
UG,CLEAR CHANNEL CAPABILITY - DS1 WITH B8ZS,A WIRE CENTER WITH THE CAPABILITY TO PROVIDE DS1 (1.544 MBPS) HIGH CAPACITY SERVICE WITH CLEAR CHANNEL CAPABILITY.
UH,DISASTER RECOVERY - HUB REDUNDANCY,A CUSTOMER SERVING WIRE CENTER WHERE AUTOMATIC RESTORATION AND PHYSICAL ROUTE DIVERSITY ARE AVAILABLE FOR DS1 AND\OR DS3 SERVICE BETWEEN THE CUSTOMER'S PREMISES AND THE DS3/DS1 MULTIPLEXER OR THE CUSTOMER'S PREMISES AND AN ALTERNATE DS3/DS1 MULTIPLEXER. IN THE EVENT OF A LOOP; SERVING WIRE CENTER; INTEROFFICE FACILITY OR HUB FAILURE; SERVICE WILL BE TRANSFERRED TO THE REDUNDANT LOOP; SERVING WIRE CENTER; INTEROFFICE FACILITY OR HUB.
UJ,DISASTER RECOVERY - SERVING WIRE CENTER AND FACILITY REDUNDANCY,A CUSTOMER SERVING WIRE CENTER WHERE AUTOMATIC RESTORATION AND PHYSICAL ROUTE DIVERSITY ARE AVAILABLE FOR DS1 AND\OR DS3 SERVICE BETWEEN: THE CUSTOMER'S PREMISES AND THE CUSTOMER SERVING WIRE CENTER; THE CUSTOMER'S PREMISES AND ANOTHER PREMISES; THE CUSTOMER'S PREMISES AND THE DS3/DS1 MULTIPLEXER. IN THE EVENT OF A LOOP; SERVING WIRE CENTER OR INTEROFFICE FACILITY FAILURE; SERVICE WILL BE TRANSFERRED TO THE REDUNDANT LOOP; SERVING WIRE CENTER OR INTEROFFICE FACILITY.
UK,DISASTER RECOVERY - LOOP REDUNDANCY,A CUSTOMER SERVING WIRE CENTER WHERE AUTOMATIC RESTORATION AND PHYSICAL ROUTE DIVERSITY ARE AVAILABLE FOR DS1 AND\OR DS3 SERVICE BETWEEN THE CUSTOMER'S PREMISES AND THE CUSTOMER SERVING WIRE CENTER. IN THE EVENT OF A LOOP FAILURE; SERVICE WILL BE TRANSFERRED TO THE REDUNDANT LOOP.
UL,SYNCHRONOUS DIGITAL DATA SERVICE OFFICE (2-WIRE),A WIRE CENTER THAT PROVIDES A 2-WIRE CHANNEL FOR THE TRANSMISSION OF SPECIAL ACCESS SYNCHRONOUS DIGITAL DATA SERVICE. FOR CHANNELS NOT REQUIRING BRIDGING; MULTIPLEXING; OR OTHER FUNCTIONS; IT IS NOT NECESSARY THAT THIS SERVICE BE PROVIDED VIA A TELEPHONE COMPANY DESIGNATED WIRE CENTER.
UM,SYNCHRONOUS DIGITAL DATA SERVICE OFFICE (4-WIRE),A WIRE CENTER THAT PROVIDES A 4-WIRE CHANNEL FOR THE TRANSMISSION OF SPECIAL ACCESS SYNCHRONOUS DIGITAL DATA SERVICE. FOR CHANNELS NOT REQUIRING BRIDGING; MULTIPLEXING; OR OTHER FUNCTIONS; IT IS NOT NECESSARY THAT THIS SERVICE BE PROVIDED VIA A TELEPHONE COMPANY DESIGNATED HUB.
UN,DATA OVER VOICE OFFICE,A WIRE CENTER THAT PROVIDES A SPECIAL ACCESS DIGITAL TRANSPORT CHANNEL FOR THE TRANSMISSION OF SPECIAL ACCESS DIGITAL TRANSPORT SERVICE WHICH IS DERIVED FROM A LOCAL EXCHANGE SERVICE. (GENERICALLY; THIS IS DATA OVER VOICE TECHNOLOGY).
UP,56/64KBPS CLEAR CHANNEL DIGITAL DATA SERVICE,A WIRE CENTER THAT PROVIDES 56/64 KBPS CLEAR CHANNEL DIGITAL DATA SERVICE.
UQ,SELF-HEALING TRANSPORT NETWORK ACCESS NODE,A WIRE CENTER EQUIPPED WITH SELF-HEALING TRANSPORT NETWORK (STN) FEATURES AND FUNCTIONS.
UR,DS3 CAPABLE WIRE CENTER,A WIRE CENTER THAT PROVIDES DS3 (44.736 MBPS) SERVICE.
US,FIBER CROSS-CONNECTION HUB,A HUB THAT PROVIDES FOR THE TERMINATION OF DS1 (1.544 MBPS) AND DS3 (44.736 MBPS) SERVICES IN CROSS-CONNECT PANELS FOR CONNECTION TO OTHER SAME SPEED SERVICES.
UT,AUTOMATIC PROTECTION SWITCHING,PROVIDES THE ABILITY TO MONITOR A NON-SWITCHED FACILITY BETWEEN THE CUSTOMER PREMISES AND THE WIRE CENTER SERVING THE PREMISES AND TO AUTOMATICALLY SWITCH TO A SPARE FACILITY IF THE PERFORMANCE OF THE ORIGINAL FACILITY DEGRADES OR FAILS.
UU,ACCESS TO CLEAR CHANNEL TRANSMISSION,PROVIDES FOR 64 KBPS CLEAR CHANNEL TRANSMISSION ON 1.544MBPS DEDICATED LINES.
UV,TRANSPORT RESOURCE MANAGEMENT,A WIRE CENTER THAT PROVIDES THE MEANS TO ALLOW CUSTOMERS TO PROVIDE INTEGRATED DATA; VOICE AND VIDEO MULTIPLEXING WITH DYNAMIC BANDWIDTH MANAGEMENT; AUTOMATIC REROUTING AND CUSTOMER NETWORK MANAGEMENT CAPABILITY.
UW,CONDITIONING,PROVIDES ASSURED TRANSMISSION QUALITY ON ANALOG PRIVATE LINES FOR TECHNICAL PARAMETERS SUCH AS FREQUENCY RESPONSE; ENVELOPE DELAY DISTORTION; SIGNAL TO C-NOTCHED NOISE RATIO AND NONLINEAR DISTORTION.
UX,EXTENDED SUPERFRAME CONDITIONING,EXTENDS THE FRAMING STRUCTURE; PERMITTING HIGH LEVELS OF ERROR CHECKING AND MAINTENANCE WITHIN THE DS1 SIGNAL.
UY,ROUTE DIVERSITY,TWO OR MORE SERVICES ARE PROVIDED OVER NOT MORE THAN TWO DIFFERENT PHYSICAL ROUTES.
UZ,SECONDARY CHANNEL CAPABILITY,PROVIDES THE CUSTOMER WITH ACCESS TO A LOW SPEED MONITORING CHANNEL ASSOCIATED WITH A PRIMARY DEDICATED DIGITAL PRIVATE LINE CHANNEL.
VA,DIGITAL DATA SERVICE - SUBRATES:2.4-19.2 KBPS,A WIRE CENTER THAT PROVIDES DIGITAL DATA SERVICE AT RATES BETWEEN 2.4 AND 19.2 KBPS.
VB,NETWORK RECONFIGURATION OFFICE - DS3 AND DS1,A WIRE CENTER THAT PROVIDES THE MEANS TO ALLOW CUSTOMER RECONFIGURATION AND CONTROL OF POINT-TO-POINT CONNECTIONS OF ITS DS3 AND DS1 DIGITAL FACILITIES AND SUBTENDING CHANNELS.
VC,SIMPLIFIED MESSAGE DESK INTERFACE (SMDI),A WIRE CENTER THAT IS EQUIPPED WITH THE SOFTWARE AND HARDWARE TO PROVIDE SMDI SERVICE AND ASSOCIATED FUNCTIONS.
VD,SIMPLIFIED MESSAGE DESK INTERFACE-EXPANDED(SMDI-E),A WIRE CENTER THAT IS EQUIPPED WITH THE SOFTWARE AND HARDWARE TO PROVIDE SMDI-E SERVICE AND ASSOCIATED FEATURES.
VE,56/64 KBPS CLEAR CHANNEL DIGITAL DATA SERVICE-TERMINUS,A WIRE CENTER THAT PROVIDES 56/64 KBPS CLEAR CHANNEL DIGITAL DATA SERVICE. IT SERVES CUSTOMERS ONLY IN THE WIRE CENTER WHERE THE 64 CLEAR CHANNEL SERVICE IS PROVIDED.
VF,56/64 KBPS CLEAR CHANNEL DIGITAL DATA SERVICE - INTERMEDIATE,A WIRE CENTER THAT PROVIDES 56/64 KBPS CLEAR CHANNEL DIGITAL DATA SERVICE. IT SERVES SPECIFIED SUBTENDING WIRE CENTERS.
VG,SHARED HIGH CAPACITY NETWORK-INTERMEDIATE,A WIRE CENTER THAT PROVIDES ACCESS TO A SHARED HIGH CAPACITY NETWORK.
VH,NETWORK RECONFIGURATION OFFICE - DS3 TO DS3,A WIRE CENTER THAT PROVIDES THE MEANS TO ALLOW CUSTOMER RECONFIGURATION AND CONTROL OF POINT-TO-POINT CONNECTIONS OF ITS DS3 DIGITAL FACILITIES THAT ARE CONNECTED TO OTHER DS3 DIGITAL FACILITIES
VI,NETWORK RECONFIGURATION OFFICE - DS3-DS1-DS0,A WIRE CENTER THAT PROVIDES THE MEANS TO ALLOW CUSTOMER RECONFIGURATION AND CONTROL OF POINT-TO-POINT CONNECTIONS OFITS DS3; DS1; AND DS0 DIGITAL FACILITIES AND SUBTENDING CHANNELS
VJ,ON-NET METROPOLITAN AREA MANAGED SERVICE - INTERMEDIATE,A WIRE CENTER THAT PROVIDES ACCESS TO A TELEPHONE COMPANY MANAGED HIGH CAPACITY INTEROFFICE NETWORK AND CUSTOMER ACCESS FIBER NETWORK.
VK,OFF-NET METROPOLITAN AREA MANAGED SERVICE - INTERMEDIATE,A WIRE CENTER THAT PROVIDES ACCESS TO A TELEPHONE COMPANY MANAGED HIGH CAPACITY INTEROFFICE NETWORK.
VL,56/64 KBPS CLEAR CHANNEL DIGITAL DATA SERVICE -SUPER INTERMEDIATE,A WIRE CENTER THAT PROVIDES 56/64 KBPS CLEAR CHANNEL DIGITAL DATA SERVICE. IT SERVES ITSELF AND ALL SUBTENDING WIRE CENTERS IN AN ENTIRE LATA OR FOR ONE OR MORE SPECIFIC NPAS WITHIN A LATA.
VM,FRACTIONAL T-1 DIGITAL DATA SERVICE - TERMINUS,A WIRE CENTER THAT PROVIDES FRACTIONAL T-1 OR A MULTICHANNEL CONFIGURATION THAT UTILIZES LESS THAN A FULL DS1 SIGNAL. IT SERVES CUSTOMERS ONLY IN THE WIRE CENTER WHERE THE FRACTIONAL T-1 IS PROVIDED.
VN,INTERSWITCH SIMPLIFIED MESSAGE DESK INTERFACE - ISMDI HOST OFFICE,A WIRE CENTER; FROM WHICH AN ISMDI DATA LINK IS CONNCECTED TO THE CUSTOMER; THAT IS EQUIPPED TO PROVIDE CALL RELATED INFORMATION (CALLED AND CALLING DIRECTORY NUMBER AND A CALL FORWARDING INDICATOR FOR INTRA AND INTEROFFICE CALLS COMPLETED OVER A LINE SIDE BASIC SERVICE ARRANGEMENT)
VO,INTERSWITCH SIMPLIFIED MESSAGE DESK INTERFACE - ISMDI REMOTE OFFICE,A WIRE CENTER THAT IS EQUIPPED TO FORWARD CALL RELATED INFORMATION (CALLED AND CALLING DIRECTORY NUMBER AND A CALL FORWARDING INDICATOR FOR INTRA AND INTEROFFICE CALL COMPLETED OVER A LINESIDE BASIC SERVICE ARRANGEMENT) TO AN ISMDI HOST OFFICE FOR COMPLETION TO THE CUSTOMER
VP,FRACTIONAL T-1 DIGITAL DATA SERVICE - INTERMEDIATE,A WIRE CENTER THAT PROVIDES FRACTIONAL T-1 OR A MULTICHANNEL CONFIGURATION THAT UTILIZES LESS THAN A FULL DS1 SIGNAL. IT SERVES SPECIFIED SUBTENDING OFFICES.
VQ,FRACTIONAL T-1 DIGITAL DATA SERVICE - SUPER INTERMEDIATE,A WIRE CENTER THAT PROVIDES FRACTIONAL T-1 OR A MULTI-CHANNEL CONFIGURATION THAT UTILIZES LESS THAN A FULL DS1 SIGNAL. IT SERVES ITSELF AND ALL SUBTENDING WIRE CENTERS IN AN ENTIRE LATA OR FOR ONE OR MORE SPECIFIC NPAS WITHIN A LATA.
WA,DS3 HUB WITH REMOTE MANAGEMENT CAPABILITIES,A WIRE CENTER THAT SWITCHES DS3 LEVEL SERVICE; AND THAT PROVIDES THE TELEPHONE COMPANY WITH REMOTE PROVISIONING; MONITORING AND SURVEILLANCE CAPABILITIES FOR DS3 LEVEL SERVICE.
WB,DS3 GROOMING HUB WITH REMOTE MANAGEMENT CAPABILITIES,A WIRE CENTER THAT SWITCHES DS1 LEVEL SERVICE; SWITCHES FROMDS1 LEVEL SERVICE TO DS3 LEVEL SERVICE; AND THAT PROVIDES REMOTE PROVISIONING; MONITORING AND SURVEILLANCE CAPABILITIES FOR DS1 AND DS3 LEVEL SERVICES.
WC,DS0/FRACTIONAL DS1 HUB WITH REMOTE MANAGEMENT CAPABILITIES,A WIRE CENTER THAT SWITCHES DS0 LEVEL SERVICE; SWITCHES FRACTIONAL DS1 (WITH A CONTIGUOUS BIT RATE) LEVEL SERVICE TO DS1 LEVEL SERVICE; AND THAT PROVIDES THE TELEPHONE COMPANY WITH REMOTE MONITORING; PROVISIONING AND SURVEILLANCE CAPABILITIES FOR DS0 AND FRACTIONAL DS1 LEVEL SERVICE.
WD,SHARED SONET NETWORK ACCESS CONNECTION,A WIRE CENTER THAT PROVIDES SONET-BASED ACCESS TO A SHARED SONET TRANSPORT NETWORK FOR TRANSPORT SERVICES AT SPECIFIC TRANSMISSION SPEEDS. (THESE WIRE CENTERS MUST ALSO INDICATE AVAILABLE TRANSMISSION SPEEDS)
WE,DS1 CAPABLE WIRE CENTER,A WIRE CENTER THAT PROVIDES DS1 (1.54 MBPS) SERVICE
WF,OC1 CAPABLE WIRE CENTER,A WIRE CENTER THAT PROVIDES OC1 (51.84MBPS) SERVICE
WG,OC3 CAPABLE WIRE CENTER,A WIRE CENTER THAT PROVIDES OC3 (155.52 MBPS) SERVICE
WH,OC12 CAPABLE WIRE CENTER,A WIRE CENTER THAT PROVIDES OC12 (622.08 MBPS) SERVICE
WI,OC24 CAPABLE WIRE CENTER,A WIRE CENTER THAT PROVIDES OC24 (1244 MBPS) SERVICE
WJ,OC48 CAPABLE WIRE CENTER,A WIRE CENTER THAT PROVIDES OC48 (2488 MBPS) SERVICE
WK,OC96 CAPABLE WIRE CENTER,A WIRE CENTER THAT PROVIDES OC96 (4976 MBPS) SERVICE
WL,OC192 CAPABLE WIRE CENTER,A WIRE CENTER THAT PROVIDES OC192 (9953.28 MBPS) SERVICE.
XA,DATA SESSION MANAGEMENT DIGITAL SUBSCRIBER LINE USING ASYMMETRICAL BIT RATES,A WIRE CENTER THAT PROVIDES A DIGITAL ACCESS LINE WHERE THE UPSTREAM AND THE DOWNSTREAM BIT RATES ARE DIFFERENT; SUPPORTS MULTIPLE END USER DATA SESSIONS ON A SINGLE DIGITAL SUBSCRIBER LINE; AND ALLOWS END USER ACCESS TO SINGLE OR MULTIPLE NETWORK SERVICE PROVIDER (NSP) DESTINATIONS. BIT RATES MAY VARY BY LOOP CONDITION AND LENGTH (RATE ADAPTIVE). IT MAY ALLOW SIMULTANEOUS USE OF A TELEPHONE CHANNEL.
XB,DATA SESSION MANAGEMENT DIGITAL SUBSCRIBER LINE USING SYMMETRICAL BIT RATES (DATA AND VOICE),A WIRE CENTER THAT PROVIDES A DIGITAL ACCESS LINE WHERE THE UPSTREAM AND THE DOWNSTREAM BIT RATES ARE THE SAME; SUPPORTS MULTIPLE END USER DATA SESSIONS ON A SINGLE DIGITAL SUBSCRIBER LINE; AND ALLOWS END USER ACCESS TO SINGLE OR MULTIPLE NETWORK SERVICE PROVIDER DESTINATIONS. BIT RATES MAY VARY BY LOOP CONDITION AND LENGTH (RATE ADAPTIVE). IT ALLOWS SIMULTANEOUS USE OF A TELEPHONE CHANNEL.
XC,DATA SESSION MANAGEMENT DIGITAL SUBSCRIBER LINE USING SYMMETRICAL BIT RATES (DATA ONLY),A WIRE CENTER THAT PROVIDES A DIGITAL ACCESS LINE WHERE THE UPSTREAM AND THE DOWNSTREAM BIT RATES ARE THE SAME; SUPPORTS MULTIPLE END USER DATA SESSIONS ON A SINGLE DIGITAL SUBSCRIBER LINE; AND ALLOWS END USER ACCESS TO SINGLE OR MULTIPLE NETWORK SERVICE PROVIDER DESTINATIONS. BIT RATES MAY VARY BY LOOP CONDITION AND LENGTH (RATE ADAPTIVE). THIS IS A DATA ONLY SERVICE AND DOES NOT ALLOW SIMULTANEOUS USE OF A TELEPHONE CHANNEL.
XD,DIGITAL SUBSCRIBER LINE (DSL) DATA SESSION MANAGEMENT CONNECTION POINT,A WIRE CENTER THAT COLLECTS CUSTOMER DATA FROM MANY DSL ACCESS LINES FROM DATA SESSION MANAGEMENT WIRE CENTERS AND PROVIDES FOR THE CONCENTRATION AND CONNECTION OF DSL DATA TRAFFIC TO A DEDICATED TRANSPORT SERVICE.
XE,DIGITAL SUBSCRIBER LINE (DSL) 10 MBPS ETHERNET CONNECTION POINT - INTERMEDIATE,A WIRE CENTER THAT COLLECTS CUSTOMER DATA FROM MANY DSL ACCESS LINES AND PROVIDES FOR THE CONCENTRATION AND CONNECTION OF DSL DATA TRAFFIC TO AN ETHERNET 10 MBPS LOCAL AREA NETWORK (LAN). THIS LOCATION SERVES SPECIFIED SUBTENDING WIRE CENTERS.
XF,DIGITAL SUBSCRIBER LINE (DSL) 100 MBPS ETHERNET CONNECTION POINT - INTERMEDIATE,A WIRE CENTER THAT COLLECTS CUSTOMER DATA FROM MANY DSL ACCESS LINES AND PROVIDES FOR THE CONCENTRATION AND CONNECTION OF DSL DATA TRAFFIC TO AN ETHERNET 100 MBPS LOCAL AREA NETWORK (LAN). THIS LOCATION SERVES SPECIFIED SUBTENDING WIRE CENTERS.
XG,DSL TRANSPORT HUB SERVING WIRE CENTER (SWC) - INTERMEDIATE,THE DSL TRANSPORT HUB SWC AGGREGATES DSL DATA TRAFFIC FROM DSL ACCESS SERVICE WIRE CENTERS AND PROVIDES A POINT OF CONNECTION FOR TRANSPORT OF THAT TRAFFIC TO AN ASSOCIATED DSL CONNECTION POINT LOCATION IN THE SERVING TERRITORY OF ANOTHER TELEPHONE COMPANY FOR CONNECTION TO SPECIAL ACCESS. THIS LOCATION SERVES SPECIFIED SUBTENDING WIRE CENTERS.
ZW,DIGITAL DATA HUB - TERMINUS,A WIRE CENTER THAT PROVIDES: DIGITAL DATA SPECIAL ACCESS SERVICE; BRIDGING TO CONNECT THREE OR MORE CUSTOMER DESIGNATED PREMISES; AND MULTIPLEXING FOR DS1 (1.544 MBPS) TO DS0 (64 KBPS) AND DS0 TO SUBRATE (2.4 KBPS; 4.8 KBPS; 9.6 KBPS AND/OR 19.2 KBPS). IT SERVES CUSTOMERS ONLY IN THE WIRE CENTER WHERE THE HUBBING FUNCTIONS ARE PERFORMED.
ZX,DIGITAL DATA HUB - INTERMEDIATE,A WIRE CENTER THAT PROVIDES: DIGITAL DATA SPECIAL ACCESS SERVICE; BRIDGING TO CONNECT THREE OR MORE CUSTOMER DESIGNATED PREMISES; AND MULTIPLEXING FOR DS1 (1.544 MBPS) TO DS0 (64 KBPS) AND DS0 TO SUBRATE (2.4 KBPS; 4.8 KBPS; 9.6 KBPS AND/OR 19.2 KBPS). IT SERVES SPECIFIED SUBTENDING WIRE CENTERS.
ZY,DIGITAL DATA HUB - SUPER-INTERMEDIATE,A WIRE CENTER THAT PROVIDES: DIGITAL DATA SPECIAL ACCESS SERVICE; BRIDGING TO CONNECT THREE OR MORE CUSTOMER DESIGNATED PREMISES; AND MULTIPLEXING FOR DS1 (1.544 MBPS) TO DS0 (64 KBPS) AND DS0 TO SUBRATE (2.4 KBPS; 4.8 KBPS; 9.6 KBPS AND/OR 19.2 KBPS). IT SERVES ITSELF AND/OR SUBTENDING WIRE CENTERS IN AN ENTIRE LATA OR WITHIN ONE OR MORE SPECIFIC NPAS WITHIN A LATA.
ZZ,DIGITAL DATA HUB,A WIRE CENTER THAT PROVIDES: DIGITAL DATA SPECIAL ACCESS SERVICE; BRIDGING TO CONNECT THREE OR MORE CUSTOMER DESIGNATED PREMISES; AND MULTIPLEXING FOR DS1 (1.544 MBPS) TO DS0 (64 KBPS) AND DS0 TO SUBRATE (2.4 KBPS; 4.8 KBPS; 9.6 KBPS AND/OR 19.2 KBPS).
