LATA,STATE,COUNTRY,LOCATION
120,ME,US,MAINE-ALL AREAS
122,NH,US,NEW HAMPSHIRE-ALL AREAS
124,VT,US,VERMONT-ALL AREAS
126,MA,US,WESTERN MASSACHUSETS
128,MA,US,EASTERN MASSACHUSETS
130,RI,US,RHODE ISLAND-ALL AREAS
132,NY,US,NEW YORK METRO
133,NY,US,POUGHKEEPSIE
134,NY,US,ALBANY
136,NY,US,SYRACUSE
138,NY,US,BINGHAMTON
140,NY,US,BUFFALO
220,NJ,US,ATLANTIC COASTAL
222,NJ,US,DELAWARE VALLEY
224,NJ,US,NORTH JERSEY
226,PA,US,CAPITAL
228,PA,US,PHILADELPHIA
230,PA,US,ALTOONA
232,PA,US,NORTHEAST
234,PA,US,PITTSBURGH
236,DC,US,WASHINGTON DC
238,MD,US,BALTIMORE
240,MD,US,HAGERSTOWN
242,MD,US,SALISBURY
244,VA,US,ROANOKE
246,VA,US,CULPEPER
248,VA,US,RICHMOND
250,VA,US,LYNCHBURG
252,VA,US,NORFOLK
254,WV,US,CHARLESTON
256,WV,US,CLARKSBURG
320,OH,US,CLEVELAND
322,OH,US,YOUNGSTOWN
324,OH,US,COLUMBUS
325,OH,US,AKRON
326,OH,US,TOLEDO
328,OH,US,DAYTON
330,IN,US,EVANSVILLE
332,IN,US,SOUTH BEND
334,IN,US,AUBURN-HUNTINGTON
336,IN,US,INDIANAPOLIS
338,IN,US,BLOOMINGTON
340,MI,US,DETROIT
342,MI,US,UPPER PENINSULA
344,MI,US,SAGINAW
346,MI,US,LANSING
348,MI,US,GRAND RAPIDS
350,WI,US,NORTHEAST
352,WI,US,NORTHWEST
354,WI,US,SOUTHWEST
356,WI,US,SOUTHEAST
358,IL,US,CHICAGO
360,IL,US,ROCKFORD
362,IL,US,CAIRO
364,IL,US,STERLING
366,IL,US,FORREST
368,IL,US,PEORIA
370,IL,US,CHAMPAIGN
374,IL,US,SPRINGFIELD
376,IL,US,QUINCY
420,NC,US,ASHEVILLE
422,NC,US,CHARLOTTE
424,NC,US,GREENSBORO
426,NC,US,RALEIGH
428,NC,US,WILMINGTON
430,SC,US,GREENVILLE
432,SC,US,FLORENCE
434,SC,US,COLUMBIA
436,SC,US,CHARLESTON
438,GA,US,ATLANTA
440,GA,US,SAVANNAH
442,GA,US,AUGUSTA
444,GA,US,ALBANY
446,GA,US,MACON
448,FL,US,PENSACOLA
44813,FL,US,PENSACOLA-PENSACOLA EAEA
44814,FL,US,PENSACOLA-CRESTVIEW EAEA
44815,FL,US,PENSACOLA-FORT WALTON BEACH EAEA
450,FL,US,PANAMA CITY
45009,FL,US,PANAMA CITY-PANAMA CITY EAEA
45010,FL,US,PANAMA CITY-PORT ST JOE EAEA
45011,FL,US,PANAMA CITY-QUINCY EAEA
45012,FL,US,PANAMA CITY-MARIANNA EAEA
452,FL,US,JACKSONVILLE
45204,FL,US,JACKSONVILLE-JACKSONVILLE EAEA
45205,FL,US,JACKSONVILLE-LIVE OAK EAEA
454,FL,US,GAINESVILLE
45402,FL,US,GAINESVILLE-GAINESVILLE EAEA
45403,FL,US,GAINESVILLE-OCALA EAEA
456,FL,US,DAYTONA BEACH
45601,FL,US,DAYTONA BEACH-DAYTONA BEACH EAEA
458,FL,US,ORLANDO
45806,FL,US,ORLANDO-ORLANDO EAEA
45807,FL,US,ORLANDO-LAKE BUENA VISTA EAEA
45808,FL,US,ORLANDO-WINTER PARK EAEA
460,FL,US,SOUTHEAST
46017,FL,US,SOUTHEAST-OJUS EAEA
46018,FL,US,SOUTHEAST-WEST PALM BEACH EAEA
462,KY,US,LOUISVILLE
464,KY,US,OWENSBORO
466,KY,US,WINCHESTER
468,TN,US,MEMPHIS
470,TN,US,NASHVILLE
472,TN,US,CHATTANOOGA
474,TN,US,KNOXVILLE
476,AL,US,BIRMINGHAM
477,AL,US,HUNTSVILLE
478,AL,US,MONTGOMERY
480,AL,US,MOBILE
482,MS,US,JACKSON
484,MS,US,BILOXI
486,LA,US,SHREVEPORT
488,LA,US,LAFAYETTE
490,LA,US,NEW ORLEANS
492,LA,US,BATON ROUGE
520,MO,US,SAINT LOUIS
521,MO,US,WESTPHALIA
522,MO,US,SPRINGFIELD
524,MO,US,KANSAS CITY MO-KS
526,AR,US,FORT SMITH
528,AR,US,LITTLE ROCK
530,AR,US,PINE BLUFF
532,KS,US,WITCHITA
534,KS,US,TOPEKA
536,OK,US,OKLAHOMA
538,OK,US,TULSA
540,TX,US,EL PASO
542,TX,US,MIDLAND
544,TX,US,LUBBOCK
546,TX,US,AMARILLO
548,TX,US,WITCHITA FALLS
550,TX,US,ABILENE
552,TX,US,DALLAS
554,TX,US,LONGVIEW
556,TX,US,WACO
558,TX,US,AUSTIN
560,TX,US,HOUSTON
562,TX,US,BEAUMONT
564,TX,US,CORPUS CHRSTI
566,TX,US,SAN ANTONIO
568,TX,US,BROWNSVILLE
570,TX,US,HEARNE
620,MN,US,ROCHESTER
624,MN,US,DULUTH
626,MN,US,SAINT CLOUD
628,MN,US,MINNEAPOLIS
630,IA,US,SIOUX CITY
632,IA,US,DES MOINES
634,IA,US,DAVENPORT
635,IA,US,CEDAR RAPIDS
636,ND,US,BRAINARD-FARGO
638,ND,US,BISMARK
640,SD,US,SOUTH DAKOTA-ALL AREAS
644,NE,US,OMAHA
646,NE,US,GRAND ISLAND
648,MT,US,GREAT FALLS
650,MT,US,BILLINGS
652,ID,US,IDAHO-ALL AREAS
654,WY,US,WYOMING-ALL AREAS
656,CO,US,DENVER
658,CO,US,COLORADO SPRINGS
660,UT,US,UTAH-ALL AREAS
664,NM,US,NEW MEXICO-ALL AREAS
666,AZ,US,PHOENIX
668,AZ,US,TUCSON
670,OR,US,EUGENE
672,OR,US,PORTLAND
674,WA,US,SEATTLE
676,WA,US,SPOKANE
720,NV,US,RENO
721,NV,US,PAHRUMP
722,CA,US,SAN FRANCISCO
724,CA,US,CHICO
726,CA,US,SACRAMENTO
728,CA,US,FRESNO
730,CA,US,LOS ANGELES
732,CA,US,SAN DIEGO
734,CA,US,BAKERSFIELD
736,CA,US,MONTEREY
738,CA,US,STOCKTON
740,CA,US,SAN LUIS OBISPO
820,PR,US,PUERTO RICO-ALL AREAS
822,VI,US,VIRGIN ISLANDS-ALL AREAS
824,,BS,BAHAMAS-ALL AREAS
826,,JM,JAMAICA-ALL AREAS
828,,DO,DOMINICAN REPUBLIC-ALL AREAS
830,,,CARIBBEAN ISLANDS
832,AK,US,ALASKA-ALL AREAS
834,HI,US,HAWAII-ALL AREAS
836,,US,MIDWAY-WAKE
838,,MX,MEXICO-ALL AREAS
870,MP,US,MARIANA ISLANDS-ALL AREAS
871,GU,US,GUAM-ALL AREAS
884,AS,US,AMERICAN SAMOA-ALL AREAS
888,,CA,CANADA -ALL AREAS
920,CT,US,CONNECTICUT-ALL AREAS
921,NY,US,FISHERS ISLAND
922,OH,US,CINCINNATI
923,OH,US,MANSFIELD-LIMA
924,PA,US,ERIE
927,VA,US,HARRISONBURG
928,VA,US,CHARLOTTESVILLE
929,VA,US,ENINBURG
930,VA,US,EPPES FORK-PART OF 248
932,WV,US,BLUE FIELD
937,IN,US,RICHMOND
938,IN,US,TERRE HAUTE
939,FL,US,FORT MEYERS
93901,FL,US,FORT MYERS-AVON PARK EAEA
93902,FL,US,FORT MYERS-FORT MYERS EAEA
949,NC,US,FAYETTEVILLE
951,NC,US,ROCKY MOUNT
952,FL,US,GULF COAST-TAMPA
953,FL,US,TALLAHASSEE
956,TN,US,BRISTOL-JOHNSON
958,NE,US,LINCOLN
960,ID,US,COUER D'ALENE
961,TX,US,SAN ANGELO
963,MT,US,KALISPELL-PART OF 648
973,CA,US,PALM SPRINGS
974,NY,US,ROCHESTER
976,IL,US,MATTOON
977,IL,US,GALESBURG-MACOMB
978,IL,US,OLNEY
980,AZ,US,NAVAJO TERRITORY
981,UT,US,NAVAJO TERRITORY
