MSA,TYPE,NAME,CMSA,POPULATION
0040,MSA,Abilene TX,,122478
0060,MSA,Aguadilla PR,,145484
0080,PMSA,Akron OH,28,689435
0120,MSA,Albany GA,,117421
0160,MSA,Albany-Schenectady-Troy NY,,869474
0200,MSA,Albuquerque NM,,678820
0220,MSA,Alexandria LA,,126775
0240,MSA,Allentown-Bethlehem-Easton PA,,618350
0280,MSA,Altoona PA,,129937
0320,MSA,Amarillo TX,,208691
0380,MSA,Anchorage AK,,257808
0440,PMSA,Ann Arbor MI,35,557349
0450,MSA,Anniston AL,,116541
0460,MSA,Appleton-Oshkosh-Neenah WI,,348100
0470,PMSA,Arecibo PR,87,176426
0480,MSA,Asheville NC,,215180
0500,MSA,Athens GA,,140372
0520,MSA,Atlanta GA,,3857097
0560,PMSA,Atlantic-Cape May NJ,77,337635
0580,MSA,Auburn-Opelika AL,,115092
0600,MSA,Augusta-Aiken GA-SC,,460826
0640,MSA,Austin-San Marcos TX,,1146050
0680,MSA,Bakersfield CA,,642495
0720,PMSA,Baltimore MD,97,2491254
0730,MSA,Bangor ME,,91672
0733,NECMA,Bangor ME,,91672
0740,MSA,Barnstable-Yarmouth MA,,153750
0743,NECMA,Barnstable-Yarmouth MA,,153750
0760,MSA,Baton Rouge LA,,578946
0840,MSA,Beaumont-Port Arthur TX,,376256
0860,MSA,Bellingham WA,,160310
0870,MSA,Benton Harbor MI,,159709
0875,PMSA,Bergen-Passaic NJ,70,1342116
0880,MSA,Billings MT,,127258
0920,MSA,Biloxi-Gulfport-Pascagoula MS,,353205
0960,MSA,Binghamton NY,,247462
1000,MSA,Birmingham AL,,915077
1010,MSA,Bismarck ND,,91939
1020,MSA,Bloomington IN,,116923
1040,MSA,Bloomington-Normal IL,,145477
1080,MSA,Boise City ID,,407844
1120,PMSA,Boston MA-NH,07,3297201
1122,CMSA,Boston-Worcester-Lawrence MA-NH-ME-CT,07,5667225
1123,NECMA,Boston-Worcester-Lawrence-Lowell-Brockton MA-NH,,
1125,PMSA,Boulder-Longmont CO,34,273112
1145,PMSA,Brazoria TX,42,234303
1150,PMSA,Bremerton WA,91,236560
1160,PMSA,Bridgeport CT,70,446046
1200,PMSA,Brockton MA,07,253547
1240,MSA,Brownsville-Harlingen-San Benito TX,,329131
1260,MSA,Bryan-College Station TX,,134213
1280,MSA,Buffalo-Niagara Falls NY,,1142121
1303,NECMA,Burlington VT,,165917
1305,MSA,Burlington VT,,165917
1310,PMSA,Caguas PR,87,318779
1320,MSA,Canton-Massillon OH,,402460
1350,MSA,Casper WY,,63157
1360,MSA,Cedar Rapids IA,,184891
1400,MSA,Champaign-Urbana IL,,170272
1440,MSA,Charleston-North Charleston SC,,552803
1480,MSA,Charleston WV,,251199
1520,MSA,Charlotte-Gastonia-Rock Hill NC-SC,,1417217
1540,MSA,Charlottesville VA,,151267
1560,MSA,Chattanooga TN-GA,,452034
1580,MSA,Cheyenne WY,,78877
1600,PMSA,Chicago IL,14,8008507
1602,CMSA,Chicago-Gary-Kenosha IL-IN-WI,14,8885919
1620,MSA,Chico-Paradise CA,,195220
1640,PMSA,Cincinnati OH-KY-IN,21,1627509
1642,CMSA,Cincinnati-Hamilton OH-KY-IN,21,1960995
1660,MSA,Clarksville-Hopkinsville TN-KY,,201352
1680,PMSA,Cleveland-Lorain-Elyria OH,28,2221181
1692,CMSA,Cleveland-Akron OH,28,2910616
1720,MSA,Colorado Springs CO,,499994
1740,MSA,Columbia MO,,130179
1760,MSA,Columbia SC,,516251
1800,MSA,Columbus GA-AL,,271417
1840,MSA,Columbus OH,,1489487
1880,MSA,Corpus Christi TX,,387105
1890,MSA,Corvallis OR,,78153
1900,MSA,Cumberland MD-WV,,98231
1920,PMSA,Dallas TX,31,3280310
1922,CMSA,Dallas-Fort Worth TX,31,4909523
1930,PMSA,Danbury CT,70,204543
1950,MSA,Danville VA,,107555
1960,MSA,Davenport-Moline-Rock Island IA-IL,,358842
2000,MSA,Dayton-Springfield OH,,958698
2020,MSA,Daytona Beach FL,,474711
2030,MSA,Decatur AL,,143460
2040,MSA,Decatur IL,,113219
2080,PMSA,Denver CO,34,1978991
2082,CMSA,Denver-Boulder-Greeley CO,34,2417908
2120,MSA,Des Moines IA,,443496
2160,PMSA,Detroit MI,35,4474614
2162,CMSA,Detroit-Ann Arbor-Flint MI,35,5469312
2180,MSA,Dothan AL,,135243
2190,MSA,Dover DE,,126048
2200,MSA,Dubuque IA,,88112
2240,MSA,Duluth-Superior MN-WI,,236400
2281,PMSA,Dutchess County NY,70,268237
2290,MSA,Eau Claire WI,,144463
2320,MSA,El Paso TX,,701908
2330,MSA,Elkhart-Goshen IN,,174680
2335,MSA,Elmira NY,,91738
2340,MSA,Enid OK,,56954
2360,MSA,Erie PA,,276993
2400,MSA,Eugene-Springfield OR,,314901
2440,MSA,Evansville-Henderson IN-KY,,291181
2520,MSA,Fargo-Moorhead ND-MN,,170122
2560,MSA,Fayetteville NC,,283650
2580,MSA,Fayetteville-Springdale-Rogers AR,,285017
2600,PMSA,Fitchburg-Leominster MA,07,142620
2620,MSA,Flagstaff AZ-UT,,120652
2640,PMSA,Flint MI,35,437349
2650,MSA,Florence AL,,136879
2655,MSA,Florence SC,,125229
2670,MSA,Fort Collins-Loveland CO,,236849
2680,PMSA,Fort Lauderdale FL,56,1535468
2700,MSA,Fort Myers-Cape Coral FL,,400542
2710,MSA,Fort Pierce-Port Saint Lucie FL,,299967
2720,MSA,Fort Smith AR-OK,,195547
2750,MSA,Fort Walton Beach FL,,170049
2760,MSA,Fort Wayne IN,,484320
2800,PMSA,Fort Worth-Arlington TX,31,1629213
2840,MSA,Fresno CA,,879829
2880,MSA,Gadsden AL,,103472
2900,MSA,Gainesville FL,,198484
2920,PMSA,Galveston-Texas City TX,42,248469
2960,PMSA,Gary IN,14,628377
2975,MSA,Glens Falls NY,,121582
2980,MSA,Goldsboro NC,,111711
2985,MSA,Grand Forks ND-MN,,95461
2995,MSA,Grand Junction CO,,115147
3000,MSA,Grand Rapids-Muskegon-Holland MI,,1052092
3040,MSA,Great Falls MT,,78282
3060,PMSA,Greeley CO,34,165805
3080,MSA,Green Bay WI,,216522
3120,MSA,Greensboro--Winston-Salem--High Point NC,,1179384
3150,MSA,Greenville NC,,127960
3160,MSA,Greenville-Spartanburg-Anderson SC,,929565
3180,PMSA,Hagerstown MD,97,127791
3200,PMSA,Hamilton-Middletown OH,21,333486
3240,MSA,Harrisburg-Lebanon-Carlisle PA,,618375
3280,MSA,Hartford CT,,1147504
3283,NECMA,Hartford CT,,1147504
3285,MSA,Hattiesburg MS,,113054
3290,MSA,Hickory-Morganton-Lenoir NC,,325821
3320,MSA,Honolulu HI,,864571
3350,MSA,Houma LA,,194591
3360,PMSA,Houston TX,42,4010969
3362,CMSA,Houston-Galveston-Brazoria TX,42,4493741
3400,MSA,Huntington-Ashland WV-KY-OH,,312447
3440,MSA,Huntsville AL,,343418
3480,MSA,Indianapolis IN,,1536665
3500,MSA,Iowa City IA,,103813
3520,MSA,Jackson MI,,157271
3560,MSA,Jackson MS,,432647
3580,MSA,Jackson TN,,101611
3600,MSA,Jacksonville FL,,1056332
3605,MSA,Jacksonville NC,,142480
3610,MSA,Jamestown NY,,137431
3620,MSA,Janesville-Beloit WI,,151121
3640,PMSA,Jersey City NJ,70,552819
3660,MSA,Johnson City-Kingsport-Bristol TN-VA,,462769
3680,MSA,Johnstown PA,,233794
3700,MSA,Jonesboro AR,,77668
3710,MSA,Joplin MO,,149981
3720,MSA,Kalamazoo-Battle Creek MI,,447164
3740,PMSA,Kankakee IL,14,102720
3760,MSA,Kansas City MO-KS,,1755899
3800,PMSA,Kenosha WI,14,146315
3810,MSA,Killeen-Temple TX,,296316
3840,MSA,Knoxville TN,,672087
3850,MSA,Kokomo IN,,100377
3870,MSA,La Crosse WI-MN,,121927
3880,MSA,Lafayette LA,,377238
3920,MSA,Lafayette IN,,175439
3960,MSA,Lake Charles LA,,180607
3980,MSA,Lakeland-Winter Haven FL,,457347
4000,MSA,Lancaster PA,,460035
4040,MSA,Lansing-East Lansing MI,,450789
4080,MSA,Laredo TX,,193180
4100,MSA,Las Cruces NM,,170361
4120,MSA,Las Vegas NV-AZ,,1381086
4150,MSA,Lawrence KS,,98343
4160,PMSA,Lawrence MA-NH,07,388842
4200,MSA,Lawton OK,,106621
4240,MSA,Lewiston-Auburn ME,,88977
4243,NECMA,Lewiston-Auburn ME,,88977
4280,MSA,Lexington KY,,455617
4320,MSA,Lima OH,,154065
4360,MSA,Lincoln NE,,237657
4400,MSA,Little Rock-North Little Rock AR,,559074
4420,MSA,Longview-Marshall TX,,209493
4472,CMSA,Los Angeles-Riverside-Orange County CA,49,16036587
4480,PMSA,Los Angeles-Long Beach CA,49,9329989
4520,MSA,Louisville KY-IN,,1005849
4560,PMSA,Lowell MA-NH,07,297189
4600,MSA,Lubbock TX,,227890
4640,MSA,Lynchburg VA,,208835
4680,MSA,Macon GA,,321586
4720,MSA,Madison WI,,428563
4760,PMSA,Manchester NH,07,190332
4800,MSA,Mansfield OH,,176617
4840,MSA,Mayaguez PR,,259188
4880,MSA,McAllen-Edinburg-Mission TX,,534907
4890,MSA,Medford-Ashland OR,,175822
4900,MSA,Melbourne-Titusville-Palm Bay FL,,470365
4920,MSA,Memphis TN-AR-MS,,1105058
4940,MSA,Merced CA,,200746
4992,CMSA,Miami-Fort Lauderdale FL,56,3711102
5000,PMSA,Miami FL,56,2175634
5015,PMSA,Middlesex-Somerset-Hunterdon NJ,70,1130592
5080,PMSA,Milwaukee-Waukesha WI,63,1462422
5082,CMSA,Milwaukee-Racine WI,63,1648199
5120,MSA,Minneapolis-Saint Paul MN-WI,,2872109
5140,MSA,Missoula MT,,89344
5160,MSA,Mobile AL,,535472
5170,MSA,Modesto CA,,436790
5190,PMSA,Monmouth-Ocean NJ,70,1108977
5200,MSA,Monroe LA,,146672
5240,MSA,Montgomery AL,,322441
5280,MSA,Muncie IN,,115472
5330,MSA,Myrtle Beach SC,,178550
5345,MSA,Naples FL,,207029
5350,PMSA,Nashua NH,07,184899
5360,MSA,Nashville TN,,1171755
5380,PMSA,Nassau-Suffolk NY,70,2688904
5400,PMSA,New Bedford MA,07,176400
5480,PMSA,New Haven-Meriden CT,70,522279
5483,NECMA,New Haven-Bridgeport-Stamford-Waterbury-Danbury CT,,
5520,MSA,New London-Norwich CT-RI,,284087
5523,NECMA,New London-Norwich CT,,
5560,MSA,New Orleans LA,,1305479
5600,PMSA,New York NY,70,8712600
5602,CMSA,New York-Northern New Jersey-Long Island NY-NJ-CT-PA,70,20196649
5640,PMSA,Newark NJ,70,1954671
5660,PMSA,Newburgh NY-PA,70,375556
5720,MSA,Norfolk-Virginia Beach-Newport News VA-NC,,1562635
5775,PMSA,Oakland CA,84,2348723
5790,MSA,Ocala FL,,245975
5800,MSA,Odessa-Midland TX,,242238
5880,MSA,Oklahoma City OK,,1046283
5910,PMSA,Olympia WA,91,205459
5920,MSA,Omaha NE-IA,,698875
5945,PMSA,Orange County CA,49,2760948
5960,MSA,Orlando FL,,1535004
5990,MSA,Owensboro KY,,91179
6015,MSA,Panama City FL,,147958
6020,MSA,Parkersburg-Marietta WV-OH,,149366
6080,MSA,Pensacola FL,,403384
6120,MSA,Peoria-Pekin IL,,346480
6160,PMSA,Philadelphia PA-NJ,77,4949867
6162,CMSA,Philadelphia-Wilmington-Atlantic City PA-NJ-DE-MD,77,5999034
6200,MSA,Phoenix-Mesa AZ,,3013696
6240,MSA,Pine Bluff AR,,80785
6280,MSA,Pittsburgh PA,,2331336
6320,MSA,Pittsfield MA,,83565
6323,NECMA,Pittsfield MA,,83565
6340,MSA,Pocatello ID,,74881
6360,MSA,Ponce PR,,371840
6400,MSA,Portland ME,,234814
6403,NECMA,Portland ME,,234814
6440,PMSA,Portland-Vancouver OR-WA,79,1845840
6442,CMSA,Portland-Salem OR-WA,79,2180996
6450,PMSA,Portsmouth-Rochester NH-ME,07,239069
6480,MSA,Providence-Fall River-Warwick RI-MA,,1125639
6483,NECMA,Providence-Warwick-Pawtucket RI,,
6520,MSA,Provo-Orem UT,,346997
6560,MSA,Pueblo CO,,136987
6580,MSA,Punta Gorda FL,,136992
6600,PMSA,Racine WI,63,185777
6640,MSA,Raleigh-Durham-Chapel Hill NC,,1105535
6660,MSA,Rapid City SD,,88117
6680,MSA,Reading PA,,358211
6690,MSA,Redding CA,,164530
6720,MSA,Reno NV,,319816
6740,MSA,Richland-Kennewick-Pasco WA,,184626
6760,MSA,Richmond-Petersburg VA,,961416
6780,PMSA,Riverside-San Bernardino CA,49,3200587
6800,MSA,Roanoke VA,,227741
6820,MSA,Rochester MN,,119077
6840,MSA,Rochester NY,,1079073
6880,MSA,Rockford IL,,358640
6895,MSA,Rocky Mount NC,,147028
6920,PMSA,Sacramento CA,82,1585429
6922,CMSA,Sacramento-Yolo CA,82,1741002
6960,MSA,Saginaw-Bay City-Midland MI,,400753
6980,MSA,Saint Cloud MN,,164913
7000,MSA,Saint Joseph MO,,97220
7040,MSA,Saint Louis MO-IL,,2569029
7080,PMSA,Salem OR,79,335156
7120,MSA,Salinas CA,,371756
7160,MSA,Salt Lake City-Ogden UT,,1275076
7200,MSA,San Angelo TX,,102300
7240,MSA,San Antonio TX,,1564949
7320,MSA,San Diego CA,,2820844
7360,PMSA,San Francisco CA,84,1685647
7362,CMSA,San Francisco-Oakland-San Jose CA,,6873645
7400,PMSA,San Jose CA,84,1647419
7440,PMSA,San Juan-Bayamon PR,87,2017328
7442,CMSA,San Juan-Caguas-Arecibo PR,,2512533
7460,MSA,San Luis Obispo-Atascadero-Paso Robles CA,,236953
7480,MSA,Santa Barbara-Santa Maria-Lompoc CA,,391071
7485,PMSA,Santa Cruz-Watsonville CA,84,245201
7490,MSA,Santa Fe NM,,142509
7500,PMSA,Santa Rosa CA,84,439970
7510,MSA,Sarasota-Bradenton FL,,550077
7520,MSA,Savannah GA,,288426
7560,MSA,Scranton--Wilkes-Barre--Hazleton PA,,611492
7600,PMSA,Seattle-Bellevue-Everett WA,91,2334934
7602,CMSA,Seattle-Tacoma-Bremerton WA,,3465760
7610,MSA,Sharon PA,,121458
7620,MSA,Sheboygan WI,,110136
7640,MSA,Sherman-Denison TX,,103728
7680,MSA,Shreveport-Bossier City LA,,377673
7720,MSA,Sioux City IA-NE,,120577
7760,MSA,Sioux Falls SD,,164481
7800,MSA,South Bend IN,,258537
7840,MSA,Spokane WA,,409736
7880,MSA,Springfield IL,,204030
7920,MSA,Springfield MO,,308332
8000,MSA,Springfield MA,,573940
8003,NECMA,Springfield MA,,573940
8040,PMSA,Stamford-Norwalk CT,70,332835
8050,MSA,State College PA,,132190
8080,MSA,Steubenville-Weirton OH-WV,,133292
8120,MSA,Stockton-Lodi CA,,563183
8140,MSA,Sumter SC,,112412
8160,MSA,Syracuse NY,,732920
8200,PMSA,Tacoma WA,91,688807
8240,MSA,Tallahassee FL,,260003
8280,MSA,Tampa-Saint Petersburg-Clearwater FL,,2278169
8320,MSA,Terre Haute IN,,148206
8360,MSA,Texarkana TX-Texarkana AR,,122886
8400,MSA,Toledo OH,,608976
8440,MSA,Topeka KS,,170773
8480,PMSA,Trenton NJ,70,333861
8520,MSA,Tucson AZ,,803618
8560,MSA,Tulsa OK,,786117
8600,MSA,Tuscaloosa AL,,161435
8640,MSA,Tyler TX,,169693
8680,MSA,Utica-Rome NY,,293068
8720,PMSA,Vallejo-Fairfield-Napa CA,84,506685
8735,PMSA,Ventura CA,49,745063
8750,MSA,Victoria TX,,82087
8760,PMSA,Vineland-Millville-Bridgeton NJ,77,140112
8780,MSA,Visalia-Tulare-Porterville CA,,358470
8800,MSA,Waco TX,,204244
8840,PMSA,Washington DC-MD-VA-WV,97,4739999
8872,CMSA,Washington-Baltimore DC-MD-VA-WV,,7359044
8880,PMSA,Waterbury CT,70,222613
8920,MSA,Waterloo-Cedar Falls IA,,119959
8940,MSA,Wausau WI,,123584
8960,MSA,West Palm Beach-Boca Raton FL,,1049420
9000,MSA,Wheeling WV-OH,,153946
9040,MSA,Wichita KS,,548714
9080,MSA,Wichita Falls TX,,136493
9140,MSA,Williamsport PA,,116709
9160,PMSA,Wilmington-Newark DE-MD,77,571420
9200,MSA,Wilmington NC,,222109
9240,PMSA,Worcester MA-CT,07,497126
9260,MSA,Yakima WA,,220785
9270,PMSA,Yolo CA,82,155573
9280,MSA,York PA,,376586
9320,MSA,Youngstown-Warren OH,,589236
9340,MSA,Yuba City CA,,138030
9360,MSA,Yuma AZ,,135614
