MTA,Country,Market_Name
1,US,New York
2,US,Los Angeles-San Diego
3,US,Chicago
4,US,San Francisco-Oakland-San Jose
5,US,Detroit
6,US,Charlotte-Greensboro-Greenville-Raleigh
7,US,Dallas-Fort Worth
8,US,Boston-Providence
9,US,Philadelphia
10,US,Washington-Baltimore
11,US,Atlanta
12,US,Minneapolis-St. Paul
13,US,Tampa-St. Petersburg-Orlando
14,US,Houston
15,US,Miami-Fort Lauderdale
16,US,Cleveland
17,US,New Orleans-Baton Rouge
18,US,Cincinnati-Dayton
19,US,St. Louis
20,US,Milwaukee
21,US,Pittsburgh
22,US,Denver
23,US,Richmond-Norfolk
24,US,Seattle
25,US,Puerto Rico-U.S. Virgin Islands
26,US,Louisville-Lexington-Evansville
27,US,Phoenix
28,US,Memphis-Jackson
29,US,Birmingham
30,US,Portland
31,US,Indianapolis
32,US,Des Moines-Quad Cities
33,US,San Antonio
34,US,Kansas City
35,US,Buffalo-Rochester
36,US,Salt Lake City
37,US,Jacksonville
38,US,Columbus
39,US,El Paso-Albuquerque
40,US,Little Rock
41,US,Oklahoma City
42,US,Spokane-Billings
43,US,Nashville
44,US,Knoxville
45,US,Omaha
46,US,Wichita
47,US,Honolulu
48,US,Tulsa
49,US,Alaska
50,US,Guam-Northern Mariana Islands
51,US,American Samoa
1010,CA,Avalon Peninsula
1020,CA,South Coast - Burin Peninsula
1030,CA,West Coast - Northern Peninsula - Labrador
1040,CA,Notre Dame - Central Bonavista Bay
1110,CA,Prince Edward Island
1210,CA,Cape Breton
1220,CA,North Shore
1230,CA,Annapolis Valley
1240,CA,Southern
1250,CA,Halifax
1310,CA,Campbellton - Miramichi
1320,CA,Moncton - Richibucto
1330,CA,Saint John - St. Stephen
1340,CA,Fredericton - Oromocto
1350,CA,Edmundston - Woodstock
2410,CA,Gaspesie - Iles-de-la-Madeleine
2415,CA,Bas-Saint-Laurent
2420,CA,Capitale-Nationale
2425,CA,Chaudiere - Appalaches
2430,CA,Estrie
2433,CA,Centre-du-Quebec
2435,CA,Monteregie
2440,CA,Montreal
2445,CA,Laval
2450,CA,Lanaudiere
2455,CA,Laurentides
2460,CA,Outaouais
2465,CA,Abitibi - Temiscamingue
2470,CA,Mauricie
2475,CA,Saguenay - Lac-Saint-Jean
2480,CA,Cote-Nord
2490,CA,Nord-du-Quebec
3510,CA,Ottawa
3515,CA,Kingston - Pembroke
3520,CA,Muskoka - Kawarthas
3530,CA,Toronto
3540,CA,Kitchener - Waterloo - Barrie
3550,CA,Hamilton - Niagara Peninsula
3560,CA,London
3570,CA,Windsor - Sarnia
3580,CA,Stratford - Bruce Peninsula
3590,CA,Northeast
3595,CA,Northwest
4610,CA,Southeast
4620,CA,South Central
4630,CA,Southwest
4640,CA,North Central
4650,CA,Winnipeg
4660,CA,Interlake
4670,CA,Parklands
4680,CA,North
4710,CA,Regina - Moose Mountain
4720,CA,Swift Current - Moose Jaw
4730,CA,Saskatoon - Biggar
4740,CA,Yorkton - Melville
4750,CA,Prince Albert
4760,CA,Northern
4810,CA,Lethbridge - Medicine Hat
4820,CA,Camrose - Drumheller
4830,CA,Calgary
4840,CA,Banff - Jasper - Rocky Mountain House
4850,CA,Red Deer
4860,CA,Edmonton
4870,CA,Athabasca - Grande Prairie - Peace River
4880,CA,Wood Buffalo - Cold Lake
5910,CA,Vancouver Island and Coast
5920,CA,Lower Mainland - Southwest
5930,CA,Thompson - Okanagan
5940,CA,Kootenay
5950,CA,Cariboo
5960,CA,North Coast
5970,CA,Nechako
5980,CA,Northeast
6010,CA,Yukon Territory
6110,CA,Northwest Territories
6210,CA,Nunavut
